track_name,track_id
K.,6vG1pcmNGdG6Vu62I9nLGL
Unwritten,1D1nixOVWOxvNfWi0UD7VX
No One,0JEqGkvUiMTQmFY6sgL9kg
Sk8er Boi,4omisSlTk6Dsq2iQD7MA07
If I Ain't Got You,3XVBdLihbNbxUwZosxcGuJ
Hips Don't Lie,3ZFTkvIE7kyPt6Nu3PEa7V
Single Ladies (Put a Ring on It),5R9a4t5t5O0IsznsrKPVro
One More Time - Short Radio Edit,0ijhkvBpA7OBlY4clWSUZw
I Wanna Know,1m2xMsxbtxv21Brome189p
Use Somebody,5VGlqQANWDKJFl0MBG3sg2
Just the Way You Are,47Slg6LuqLaX0VodpSCvPt
I Know You Want Me (Calle Ocho),6a8GbQIlV8HBUW3c6Uk9PH
"Bump, Bump, Bump",6FTJuZtQZvmPPRFmrcno9J
Where the Party At,5mNV8Mz59bzyuQ53gTw0c0
SexyBack,0O45fw2L5vsWpdsOdXwNAR
Right Thurr,0l3GEbH3CviUytD6iX4wzg
Let Me Love You,3ibKnFDaa3GhpPGlOUj7ff
"One, Two Step",7uKcScNXuO3MWw6LowBjW1
Crazy In Love (feat. Jay-Z),5IVuqXILoxVWvWEPm82Jxr
Dilemma,0ARK753YaiJbpLUk7z5yIM
Love Song,4E6cwWJWZw2zWf7VFbH7wf
Womanizer,4fixebDZAVToLbUCuEloa2
So What,7bprRkhvOXWmWpqOrEWbXu
Bad Day,0mUyMawtxj1CJ76kn9gIZK
U Remind Me,2QsZVnbWVSjKMXK6K3uRBL
Hall of Fame,1X1DWw2pcNZ8zSub3uhlNz
Follow Me,4KoecuyOpZaNFZ0UqVsllc
Pumped Up Kicks,7w87IxuO7BDcJ3YUqCyMTT
Make You Feel My Love,0mqTcM8kuu2IYPotMt7AzS
What's Luv? (feat. Ja-Rule & Ashanti),2mKouqwAIdQnMP43zxR89r
You're Beautiful,5pbajJXEPdcoXQPXoAVR1t
You've Got The Love,0fPf9CDFzVnHpcfld5XVtO
The Scientist,75JFxkI2RXiU7L9VXzMkle
Fallin',0KQx6HOpJueiSkztcS0r7D
How to Save a Life,5fVZC9GiM4e8vu99W0Xf6J
Get Ur Freak On,6zsk6uF3MxfIeHPlubKBvR
Rock Your Body,1AWQoqb9bSvzTjaLralEkT
7 Days,0gPQTLaqHDgdupKEok7J2x
Better Together,2iXdwVdzA0KrI2Q0iZNJbX
Hot In Herre,04KTF78FFg8sOHC1BADqbY
Ms. Jackson,0I3q5fE6wg7LIfHGngUTnV
Breathe Me,7jqzZyJJLrpkRFYGpkqSK6
Feel Good Inc.,0d28khcov6AiegSCpG5TuT
Fix You,7LVHVU3tWfcxj5aiPFEW4Q
Crazy,1vxw6aYJls2oq3gW0DujAo
You Found Me,4IoYz8XqqdowINzfRrFnhi
Talk,0rTV5WefWd1J3OwIheTzxM
Triggered (freestyle),3PAptX72PPmjj1Igms0zjo
Shot Clock,2GlATHCDbLW7xq5BE0Bz5g
Please Me,0PG9fbaaHFHfre2gUVo7AN
Hard Place,47OqtEbWGkG6eDNGUNCYYB
Waves (feat. 6LACK),2qHk6Nz5glNQrjW8Rhd5kv
Honesty,5dXI2NV7X2c4anyLFbQdEX
EX - Remix,4LfoYkTuIPgJ2RlNkN5P5C
Chi Chi (feat. Chris Brown),0UvBmQOhu4DVXJtdzGc5eV
Dirty,4KhMkiipzCiiP0CbO5aAQg
Before I Let Go - Homecoming Live Bonus Track,7LikBkHerFGZ58QHVOKp1t
Jet Black (feat. Brandy),70pZIQqQ37SrNCADx0FiPN
Up Late,3fOvfRK9dtzAe3Igd0gkoa
Feels,4BOikd4oZjOYMde9AXfrTo
Make It Better (feat. Smokey Robinson),0BhvzFxq3FHiMdGcLiTphr
Could've Been (feat. Bryson Tiller),6lzLjIOyWTyTJvk0jraYee
King James,0TtSoFrbLGjmpIgY4KgBeq
My Bad,1DUSuNhF8P5vUGNPpQiZa5
Almeda,6IAgarq2wDeYzpsY2Kx0Hw
Type a Way (feat. Chris Brown & OG Parker),6P6dKUam0DXUnhx4EUGciZ
Raise A Man,5qEsQiKndh4h3d16LiZs5x
Butterfly,7xSrNwJAXtjyXbxbfwJzo4
Just Us (feat. SZA),13L4184XlA7KaHQdMJx6br
Purple Emoji (feat. J. Cole),3OJ4LEE50iFELaHiZ09zif
No Guidance (feat. Drake),7FEwp8BavoEVE3AnxJDchc
Who's,7AgcqeRnfXaniwk5gJoqO4
LOVE AGAIN,2fhePAlCSsJplwkjqMYpVm
No Guidance (feat. Drake),6XHVuErjQ4XNm6nDPVCxVX
Heat (feat. Gunna),1GIYmwtBbPSHrqcSaukZck
"Spirit - From Disney's ""The Lion King""",1tC5WMSlsGDFfqnrquB1ty
MOOD 4 EVA,7oqftogUN82Q7VNy2TmTJW
BROWN SKIN GIRL,0B3FovCVaGKS5w1FTidEUP
21,1u59LusHrE1Z3NgR0bJuHb
Blow My Mind,1xJTW86sJ1OoloXeOret6t
Caught Up (feat. Khalid),1opARDDYaOeE1QUdwXmBGu
Soltera - Remix,1c0hsvHLELX6y8qymnpLKL
Te Robaré,6v0lAdFF4haL8xjBIUjtOw
Verte Ir,4lzxJ4jCuFDXXGkE1LmpKR
Pa Mí - Remix,224EVTFiLsdQignUFLvDeH
No Lo Trates,4gqMVEJSaL5nNeKj5WmVoT
Baila Baila Baila - Remix,7mWFF4gPADjTQjC97CgFVt
Punto G,5Lb1pjnll07UQKxNpnnGBy
HP,31UjYv5vLsDkzchJOtUMtW
Con Calma,5w9c2J52mkdntKOmRLeM2m
Esclavo de Tus Besos,3g4UyIcQwutiG0TfW32GnX
Date La Vuelta,5lwVd35Zg6DJ4qibVMq99H
Aullando,7BuHdm4lQqcyG3qTwdkxus
Otro Trago,1Ej96GIBCTvgH7tNX1r3qr
Tal Vez,46lvmzK8wxAy66tjzXXSh0
Controla,4AKWHLChPxYdXAB2cHmZB7
Cristina (feat. Shelow Shaq),2egI1hFZDAYrkCgtepoore
Secreto,5W83ErFkO3aKAIS1WMi6u0
Desconocidos,0s5DNDV6LAKn2u2Ufa3VjQ
Contra La Pared,37eGbhE1xVFSvcKkqGb6i1
La Boca,0UQwlF2pRkr1lMN6kNNUj3
Nadie,2VRVV7cvAGPJ2EBU4FIVCz
Que Mas Pues - Remix,1k1CJlU1eAEpAbNK0TVeKD
Que Le De,08aYFNUTIOMGq93e2VSArQ
La Respuesta,2fOjendzUzepHwR9QrVyYF
Fingías,7o0oY5wRcoV7oPuDhD2J1z
Si Se Da,5KbBGUpIZd6gVFUU8tqYiQ
No Te Hagas la Loca,4NGbpyKrKMlJX4kP8iTQFJ
Vacia Sin Mi,4l0O19WwpjzbDGkdFtkQ6W
Te Vi,059bcIhyc2SBwm6sw2AZzd
Aprendi a Amar,7M8K2ermHPnLJildw6F6EP
Que No Acabe,4qrfS46RlB8vfrrd2T1Dmt
Pa' Que Vuelvas,7kxNb4wurmBtqndlzREd0J
Déjate Querer,3mN2DtljBhnrIpc3Nu2pJ8
Pa Olvidarte (feat. Manuel Turizo) - Remix,2ktoFujjJtantyMoVdBJlX
Veneno,19vrzibX1lFlT2V2ToVQkv
Duele,3NncP0ajz9lqYAZcQD7Bpo
Si Estuviésemos Juntos,35wvL50xvKpCHEJPxLOLPI
Llégale,4vK8Kvyw1mabkMXJqbZOZT
No Me Conoce,5X7AVd4KvCjRwCHMsaR56I
Adan y Eva,6FyRXC8tJUh863JCkyWqtk
Comerte A Besos,6Rh1rwJagYUEbzoAXtu1LA
Reggaeton,2D3z17LBMJ2HEHeBFFjTLi
Good Vibes - Official Remix,3I52e5l6ag02nA7UllFdM2
Sola,675w3ACw5xZR3ODhUJlEVN
Baby,2IA8cFA46DkjgbsRG7kKbp
Era Necesario,1fVN4Cv3vJ3KOXd6VY5o9U
PPP - Remix,3jOn1ZdPldABfKQY4JBhov
Rebota,2YRvdf9cdS88y1wB1WhKoE
Siempre Papi Nunca Inpapi,2N8qVDq1MI0wKHngJMLlbZ
Guayo,4MR1AZhe1p0zTuH2HGhX9L
Serpiente Veneno (feat. Ele A El Dominio),63c2jMnVyf8dtnbaQK910d
11 PM,7KbF6AdprOXEEHlsq11Z6d
No Me Conoce - Remix,7rknFhrVDyxzTJkPSf7LoW
A Mí No,5UJ0ekAw8exus0fvaUWSZ8
Latina (feat. Maluma),00Ia46AgCNfnXjzgH8PIKH
No Te Veo - Remix,0stKSegkdrfLTDvm5sIO38
Por Eso Vine,5qN1G8fSHq4Sv5FRoOkNGu
En Cero,51uLQESb4VnYAbs5WtGxho
Callaita,2TH65lNHgvLxCKXM3apjxI
DJ No Pare,7DfDNDtQTz4Jda9Y4rBOVH
Cúrame,6rXxAohZzTDsP5KT3IDFIU
Te Soñé De Nuevo,5s8LepdwU0THzpd0M7nLsa
3G (feat. Jon Z & Don Chezina),4GFBMqbSAOr7ZvGWEtJFSx
Mona Lisa,7aaj0oNqJRdWIEfBj0Vim9
La Mentira - Remix,4jBpZsZ9qx3cZhoEfuKElF
Curiosidad,0o8eeIkkn8DH3J6oab8Hke
Perreito,5LsUdPeqmKVGlPJre2sIRt
Si Supieras,7MRU4vOkywuhZ9kbFiPuiu
QUE PRETENDES,25ZAibhr3bdlMCLmubZDVt
Pa' Lante,24wIxeVejXRhYJPrOFpJbg
Te Veo,0JxHWujXDT2CzLWlQXWEhE
badwine - Remix,5MPQfbK3LIOyPT84WJyD7g
Otra Vez,6P1CgIgKVxLFgFUHtymVpV
Una Vida Para Recordar,7pxL0DzPpCjjcdfQccvnus
De Cero,4XfCa8VFYeTsKbXrVlpKIa
Inocente,07eET3PAzpSz5CLE4wGgN5
Bandolera,5suqjbw9bF0T1X3HU1oG1v
Abusadora,5mTrdbPjPCjKVIYhsUCtna
Tan Buena,6I1JuzUGxTAD0kDY65fg1s
Cuando Lo Olvides,4ciWmzRIsW98JEPdw5675M
Rebota - Remix,3dWpRjCmaHbroNahuSeX11
China,2ksOAxtIxY8yElEWw8RhgK
Otro Trago - Remix,4bTZeO72FwMa6wKOiqoynL
LA CANCIÓN,0fea68AdmYNygeTGI4RC18
La Boca - Remix,2EEmzqzM70CybVspgM7YRT
Detective,5lFl0Aksww4t4CGiYYtpZz
Se Nota,6nSQ6xDAGqByXu1n7yuuvs
De Tranquilote,1IDFcb3cjkj2dhv3UaxX9b
Atrévete,3KekO5WUfJsh7kYU9o2w50
Bellacoso,1kMUGCt7XLDc5Q64Vl0H8S
Hasta Abajo,54FoR5osiOJtVae7SCdSnq
Quisiera,4zM74sQCwbTVK0w1MegkYE
Me Vuelvo Loco,0KmeVVL1SHlPIiHWtOD34X
Si Se Da - Remix,6K5BsR04ijf3FHNzjbaagD
Nada,7DOh0tBGnyMt6C5OO7o8Yq
Date Tu Guille,5wBk1Z7mndjgTMOQ70lt8J
Easy,7fTsw0IKbbPDN19keS32tF
Que Me Baile,6dZDBFRYElQx4DY1q62r30
Cuerpo en Venta,2B94bbI1a4LyBpK1439oP7
No Tenemos Nada,6UGc9l0tpk1xSx9KV2fOVf
Muito Calor,5uVgsAzjO6eJR06VPrqUga
Adicto (with Anuel AA & Ozuna),3jbT1Y5MoPwEIpZndDDwVq
No Se Me Quita (feat. Ricky Martin),1GBLO0NFODuL31A5fgw0uR
Mírame - Remix,53uKGbcMjEc2gIWbfmvpdS
Yo No Sé,76FgFoqovrS3t1WHkLo4wj
Un Año,5BDP2tky8oMQJPS33frKVp
"I Will Always Love You - From ""The Bodyguard"" Soundtrack",4eHbdreAnSOrDDsFfc4Fpm
Pure Water (with Migos),63cd4JkwGgYJrbOizbfmsp
"Enzo (with Sheck Wes, feat. Offset, 21 Savage & Gucci Mane)",6mCqxnyOhr4tHMbRbQL4Yn
Fat Beat,6vkZlB6ENDJgiDuR88UlaU
Go Loko,3SZqA7rQvROJsCbUu2v0xa
Apologize,1JG8pJ7G8qJiy98DzCBL2E
SICKO MODE,2xLMifQCjDGFmkHkpNLD9h
Lone Wolf,76I3PmbGZazzNlEwlp1y85
MIDDLE CHILD,2JvzF1RMd7lE3KmFlsyZD8
Swervin (feat. 6ix9ine),1wJRveJZLSb1rjhnUHQiv6
Bola Rebola,1OUPXna2MCgAt3VNmXJBtg
WHY,7rjGZWlqqeEMDrAabwZQhr
Con Altura,2qG5sZ7Si6sdK74qLxedYM
KIKA (feat. Tory Lanez),6Gy7rXB6Ku5vIWC7WGWsl3
BAD!,7IMGshuSNOXHgmboboPpIH
Power,4CVOUJki8YUWol3jhLphgs
Lullaby,0DhkTGjEaIHaSxTfC14BFm
Mutate - 2k19 Festival Mix,4AC0cgrfUb3tiwiqnKhnge
Wow.,6MWtB6iiXyIwun0YzU6DFP
DJ Turn It Up,1ivuWgxFQb2xzxVNSlB1hF
Can You Feel It,1hvIHTTJfxidaT0OUCtcYa
Keanu Reeves,25F6MWrnFBCXVnpN4n76EK
Contra La Pared,3JjaofJ0lCeEsFSZqppzOp
Suge,2gwkD6igEhQbDQegRCcdoB
Going Bad (feat. Drake),2IRZnDFmlqMuOrYOLnZZyc
Money,2GGMabyHXnJmjY6CXhhB2e
Homicide (feat. Eminem),2MuMD298IpYqKF367wegUd
Started,5t0VcwyjDPOWIdylULdfxk
Repeat After Me,1F9xcExF9W7m5BxTdlJLED
Mufasa,6FwvvtAuHIvdeupkTpaTRN
Savage Mode,6Un7ZG5lDClgNoNNapCoDX
'Till I Collapse,4xkOaSrkexMciUUogZKVTS
Believer,0pqnGHJpmpxLKifKRmU6WP
My Year,6MDjeiUWPPgEwLtiBrr9he
Wish Wish (feat. Cardi B & 21 Savage),1Hd2XLitkt1PYCWSbfF5qV
Clout (feat. Cardi B),59ywHNwwchG4nZJMLyxSzd
It´s Not Over,142jMpGhzJl0E7twPAkbY2
Con Calma - Remix,4au7FRcgZzChASRYu279xH
Weather the Storm (feat. Meek Mill & Lil Baby),6xVhqLT40s5sVhepe9Mckc
No Retreat,6PuYSZYjpmkn7ArLHhcGv9
Untz Untz,5Uj0VnayJKOuP9GmmDPNOx
The London (feat. J. Cole & Travis Scott),7DcvwMAiqKJQD1rrdfxSDx
I JUST WANT YOU,2mxPEDo09qiQCFWFAL6btz
All I Need,49lT7R0IKdH1tzEHNb3WE7
All You Need To Know (feat. Calle Lehmann),4Gcv5SsxnQWpmOnUI19EJk
Press,6dPyzkyZwoj9LqjQXOFdVv
The Search,2OKo7g3KfmCt3kyLvUAL0g
All Around The World (La La La),2xyIwHKujL7tSgkK2Waj2s
Remember,0ICSJKAcCQ9dhKXrJ1kRnv
Loco Contigo (with J. Balvin & Tyga),1f38Gx6xQz6r4H1jGVNBJo
WARLORDZ (feat. Skrillex),5yPXV3mU7D7EDH4XEcY361
Dedication (feat. Kendrick Lamar),6fIjnWrv46njJHLDAY2JdC
Unsainted,2093eVNfimjmNjU1gk1ES7
Estamos Arriba,0bCPJsVGDxPYwQMDZMi4NW
Smoke,0t5eevrq8rZOIvXDkVwN2i
Isis,36TO60sxDduIsO3xH8IcUh
MEGATRON,1ZDmxwg7Lywlx68b7SsJjj
Breathe - Eric Prydz Remix,2l8OMu1TS4Q6EAqAYpTQKW
Zhong,53ORgIhORMhycStDYrZeXB
MVP (feat. Smokepurpp) - NGHTMRE Remix,2zeMc8pgpR1HRgMVCDUPYq
Caliente,0GZxyos431Goi9L1BYaxTU
LazersX999,4AF6IcOMAQpAZc4XombycW
Project Dreams,6GSkLS2y4ZnnZsuRAj975K
Turn It Up - Gian Varela Remix,4HaYcXso9iMuXGK5ScqsD6
Infinite,7Llqq3e3Hf4ICVJNBi2muE
Raindrops,0ASr58kMkkfRcZr8Ghu8qj
Thunderstruck,57bgtoPSgt236HzfBOd8kj
Best Friend's Ass (Dimitri Vegas & Ariel Vromen Radio Remix),4pGqgBoijsxPIziGoz4AON
Undefeated (feat. Lil Keed),6FZjiSBSQoj1geAgXjvqez
Reckless,45GtpfaI7fg7mSZBQTNJss
Goliath,1unvk9w2ikBIxcluIwPEvT
World At Our Feet - Deorro Remix,4gsmKBuKH7VtrJMvWIXcVa
No L's,0RjCea6cbLgCD0h3ELxXSl
Overtime,2IoVnTEyj8NdFBpWoEFrMZ
Turn Up,04ahbsJ3AfLwTOXeIimwdH
No Saint,2Y9Vt33a3gQv5c2ogGji9N
Warp 2.019 (feat. Steve Aoki) - Steve Aoki & Kayzo Remix,1HPKv8KcF2j5pCeKOMTO0o
Act a Fool,3KIMdTgROcteSwwKwoK3Bs
BIG TYME,13KV7AMsYRVBHgRCJSXaqx
Alive,5sYxtT5C8uAzGbplBcjLYB
Hottest In The City,22Fwimjd0oaL06eU7Aura4
Hava (feat. Dr Phunk),3zY6yVGh3JxZNX7bccNTxt
I Promise,2FG1ayvioaTgtj8dhcZGCV
self-love,20Qufms0u6e9mHprf81SzX
Already Gone,7fkXzzIVo98CgjOkpd9H0V
Lost Boy,4h0zU3O9R5xzuTmNO7dNDU
7 Minutes,2BkyYZmU4JuWW2sYi9EzpC
when the party's over,14JzyD6FlBD5z0wV5P07YI
Let Me Down Slowly,2qxmye6gAegTMjLKEBoR3d
Hold Me While You Wait,6700Z4Izi8EbB6JNthU6Ma
lovely (with Khalid),0u2P5u6lvoDfwTYjAADbn4
Be Alright,3EPXxR3ImUwfayaurPi3cm
No Air (feat. Chris Brown),519tXYJVcrpEMqV2BMbh6E
River Of Tears,5NRl32BO29q8xtWFvOlHZE
Oceans,7Cia4WzapwjMr0NUQF8vf3
I'll Be Good,5WLSak7DN3LY1K71oWYuoN
High Hopes,7jDe24vXWUNX8Jl2hZHrIS
Don't Wait Up,3aXbNiW08kZsRmQrXtCQeZ
Too Good At Goodbyes - Edit,0mel2N9Ws9r4yLQn5QE21Y
Favourite Ex,1a1SQeSqUKzH5OUVTEx4ae
Jealous,4L2K7JKseFCBoHMZEAszW0
Yours,0Mq0reDcNpgmQkjHfzpJrp
I Can't Fall in Love Without You,4VPXFi4vFTtS9wHe6oMQaT
Naked,7krbSH3rd8lhIZvuzTV3Bl
Little Do You Know,1almCHdsfikRPfVB9VrEdT
Say You Won't Let Go,1Pw5C4N6Fn5E4mGCxmbbVa
Dancing On My Own,02WacdrRpm4zlP8H7X6bnQ
Certain Things (feat. Chasing Grace),5zvJELVKAnPkscGc5aLKJI
"thank u, next",2rPE9A1vEgShuZxxzR2tZH
i love you,6CcJMwBtXByIz4zQLzFkKc
The Night We Met,6mORGLOz79w6VsCRLWYYuK
Let It Go,40EB7ABUO6MoWMUwPKptJ7
Dusk Till Dawn - Radio Edit,1j4kHkkpqZRBwE0A4CN4Yv
Heal,4KlL5Bwlm4yHYxr0B2rHci
Someone You Loved,2TIlqbIneP0ZY1O0EzYLlc
Bad,3xRcQ04b0l5RiU2w7lJhCD
when the party's over - Recorded at Spotify Studios NYC,6H7fWtwEUHVfTyZD7zeG4w
It's You,6moU77g9RQyMzHNuKEaQKq
Nothing Breaks Like a Heart (feat. Miley Cyrus),27rdGxbavYJeBphck5MZAF
bury a friend,4NzMOnvSJVNKF7nw5NkXIP
Lost,57MUBmB0IhftnHLtlQK9JP
Another Love,3JvKfv6T31zO0ini8iNItO
Now You're Gone (feat. Zara Larsson),2oVoSgGAlog02WQ2pLCxcT
Beneath Your Beautiful,2EcsgXlxz99UMDSPg5T8RF
Better in Time,2iXBZ32Fz5VDCLeE0JIdX5
To Build A Home,54KFQB6N4pn926IUUYZGzK
Long Way Down,1uVk6S6Fpkrmji0iTpgKEC
Higher Love,7apw8m9lHQjvuUVfMAm4kZ
Nothing Really Matters,7fWSIddv6LJG8ZXJFNVQyi
How Do You Sleep?,6b2RcmUt1g9N9mQ3CbjX2Y
You And I,67H8U1DqJMTv9vCg7P95uR
Bones,3RGvoMBGhoY43FudUpVvqo
neon,6OowiqIzUaMErs7eKAL9o8
The Archer,3Y7MHz19qCg1Pkxridtu1k
Hurt Again,3JPXFD2aJ4dHPMnGwo41bO
Delicate - Seeb Remix,2Sy2oGjP5RYB4cLVoDU0Gz
Promises - David Guetta Remix,5plG80hc7j4siXDhcUamjU
So Close,7FjZU7XFs7P9jHI9Z0yRhK
High On Life (feat. Bonn),4ut5G4rgB1ClpMTMfjoIuy
Silence - Tiësto's Big Room Remix,3AUW7mAGx1BICBWqsuFgh4
Bittersweet (ft. Quarterback),5pil8hEnkX4PMdnoujnH97
Burn Out (feat. Dewain Whitmore),7IWTIkiWGWNQyYfOLdMrGD
Back & Forth,4M8x1TR36VMQMFMbGCdoyA
365 - Jonas Aden Remix,70gUpEnhuX4OxklDsYewHY
All Day And Night - Jax Jones & Martin Solveig Present Europa,11o2y87vqODipLK98a1v34
Just Got Paid,0v3BMLcwUmAwyqJaf5997o
Moonlight,0A5gdlrpAuQqZ2iFgnqBFW
Close To Me (with Diplo) (feat. Swae Lee) - Felix Cartal Remix,0byab45cmZntz74RxcASrf
TIME,108r6pnZHStBIktpyyps9w
Ready (feat. Zach Sorgen),4G34Ff0WzcHErtO0lCJAh0
Brave,0GRoERSBBky3YgdKW2w2Vc
Heaven (feat. Veronica),5ql2mP9FUhB3SgMzv2akuO
Dancing in the Moonlight - PBH & Jack Shizzle Sunset Remix Radio Edit,5CuLOpBB1zIhrxX449c1jc
Happy Now,14sOS5L36385FJ3OL8hew4
You Deserve Better - Andrelli Remix,0JumfyG7GUshFjxouEXwhw
Try Not To Love You,3DiOnTOzRokGNlFaFUonCy
All The Lies (with Felix Jaehn & The Vamps),4Cy5f4JsH1yoeGks7FnoHw
I Found You (with Calvin Harris),5sdb5pMhcK44SSLsj1moUh
Whenever (feat. Conor Maynard),3DGar7krWlmrXRFHBcQF6z
Remember (with ZOHARA),3Iee2uf8UXOrOupQzfs1z5
High Hopes - Don Diablo Remix,1FlIzyCvRFQUE4pc7PiaIo
Know You Better (feat. Tessa),43JyIDsNx4pUOOUDcIV2Cr
Happier - Tiësto’s AFTR:HRS Remix,1uuUnsWpJwqBh5GRQ8uxla
Audio - CID Remix,3ajiUFrVUHsmU5F2pv3kzd
Better - noclue? Remix,7MvSmQSG0iiZCQieeO9tNR
Better When You're Gone,4Tvw0lweq9l2JPQKFbpbBQ
Sweet but Psycho - Morgan Page Remix,7nbVbGjifh0m2fhPYqcI1R
Don't Give Up On Me (with R3HAB),7vXEipUY3qNRK9K1lZjnfM
Talk - Alle Farben Remix,06BrHnTVDOydsfg0LZ6mQb
Mama (feat. Ellie Goulding) - Tiësto’s Big Room Remix,3Mong1BzxMKwTZ0SbfLdcQ
Like This,0D9z6DQ7UBnp7sPv3y3cgV
Don't Worry Bout Me - Rudimental Remix,4R7ZSlYoJOIaxHJFHszQCR
Sixteen - Don Diablo Remix,3jwQwGVERUXo7eaAgL1xAo
Carry On - Nicky Romero Remix,4fK2NU9UyQJV74ZGiSVYsr
Wish You Well,1yAPglN5AGf7UoLK062ZYq
I Miss Myself - R3HAB Remix,3N9YuL395rE4qNyHMsvOWC
Blur - Felix Cartal Remix,02ilX7F0oF2kU0vrmknOfR
Is It Enough,1r1JaYvsUHkoA9bJLdiu9e
Swear to God - Dallerium Remix,4xFj0BQycqb6lG8xoPrVuc
Brighter Day,4ZhEevPVamfM1HFBCDYbOu
Love Me,53hNIcq8OLj9OUNvQ4ulFM
Ain't Thinkin Bout You (feat. Louisa),1tjxQYoB2OS2fRZS43ODLQ
So Cold (feat. Lily Denning),0j1CiuNObut67Rw72mUNy0
With U (feat. Karen Harding),0RlRoQwro0aIKMJct9TKTW
Heaven To Me,1kU6Ypa94r15TPdXiCPwqS
"Big Hearts (feat. Stargate, KYLE)",1RP57IhDU2nBu8x2mjqFQi
World At Our Feet,4Bl3vhxLgSmTxbHTFR7eyd
Mistaken (feat. Alex Aris),18KjYhghq6K3ZmfcewWDp6
85% - GOLDHOUSE Remix,0OUC0kWsQ3B99MspZfLaVy
Speechless (feat. Erika Sirola),1rCcsYnmqbMYdkG7kS9GC5
I Don't Care (with Justin Bieber) - Loud Luxury Remix,6f807x0ima9a1j3VPbc7VN
Sugar (feat. Francesco Yates),5tf1VVWniHgryyumXyJM7w
All the Time - Don Diablo Remix,1z1Hg7Vb0AhHDiEmnDE79l
Jackie Chan,4kWO6O1BUXcZmaxitpVUwp
Halfway There (feat. Lena Leon),3EKKIR8be1kfAAwaz1fzyS
Cola - Robin Schulz Remix,7G0AyhugxY5DuzZdnoTpQV
Carry Me Home (feat. Jake Reese),2M1mqcNUBIAfRoD2Puhejf
Sunrise,7vLIj2GVAeYrohv8p0JjF0
One Kiss (with Dua Lipa),7ef4DlsgrMEH11cDZd32M6
Let Me Take You (feat. Jeremih),2tVzoSuPQpZ1yY7HHnXw7B
Tired - Kygo Remix,3t0J8vI9StQD8KIBkT2Cp5
I Don't Care (with Justin Bieber) - Jonas Blue Remix,1VYj8u5I4L5Xl21zQiQMx7
Can We Pretend (feat. Cash Cash) - Sigala Remix,1k08GK7ox8SDmEMvn81TwU
On My Mind,3vvEtMa2H6C2pCiKnOnPOT
Magnets (feat. Sophie Simmons),0jlpHhGUFn4aAWLsRRnwep
Where Do You Go (feat. Lexy Panterra),7o9JaNnV1J9EdTPmWdrXbf
Let Me Love You - Tiësto's AFTR:HRS Mix,6ULNtDItJ3KUniAOt7iuxv
Blame It On Me (feat. Peg Parnevik),4WOlGxV92vvLAPdBtVVB9K
This Is Me - Dave Audé Remix (From The Greatest Showman),1NNhZKNrg8WVmU6Ok8TDtO
Thing For You (With Martin Solveig),0IhTEIjFaRt3B2NQYf9azQ
In My Mind,0E9ZjEAyAwOXZ7wJC0PD33
Don't Let Them,5DcfAiJLSxOqhgatiFXy3P
Death & Desire (feat. Harrison),3xmJo7JydhDml7GAS9YTcN
This Groove,6ZvLKwgPKlyZtDPkTWjPI7
Summer Air (feat. Trevor Guthrie),3eW2EDwNRAiQKkgom96dUa
Not Ok - Frank Walker Remix,6VP3410weACXiPCVLKSkOb
Discovery,1MgpEKnO6sgMTb5zumAsgn
Crash Into Me,6ksMjdec8b6C45TUawkAdu
Million Diamonds,3THCFKH0hNUXBdwXEtm8kf
Love You Forever,2gqzTQEn4g5ly0n5ScdMx0
"Azukita (Steve Aoki, Daddy Yankee, Play-N-Skillz & Elvis Crespo) (feat. Elvis Crespo)",5e45GhSF18JYoLpaq2F48h
Playa Grande,6IsMnhtDLKG0h4H8pmQVRw
Giant - Robin Schulz Remix,6TgLQJ87xq6adrAU6HzaTW
Melody (feat. James Blunt),5r49JKf2vWBF0CQjZewJ0O
All The Lies - Toby Romeo Remix / Radio Edit,1YSwQvw1NrEPfA0j1iY8eV
If I Can't Have You - Gryffin Remix,1IXGILkPm0tOCNeq00kCPa
These Are The Times (feat. JRM),5YN0zHycJ0Yxz31A5QsVov
Don’t Give Up On Me Now (with Julie Bergan),46W9iEjOg5nkMvb6lo4Jwz
Sing It With Me - Embody Remix,4d3cCNTG3PUgWhPButc4N7
Never Really Over - R3HAB Remix,2OAylPUDDfwRGfe0lYqlCQ
Rescue Me (with BUNT.) - BUNT. Remix,6fvbl9D9VjMtLRQsuWPyYt
Empty Space,1uru26I2JKd2mQZt0MDCUe
Just You and I,2n48BjaFSczfeIG3HaIaPv
Rise - Acoustic,64TfjW0Ebj9Uq0ik2OfmE7
Colder,30QNbMNYxPL78w2jLZdRdv
Perfect To Me,0DC7Zs2qvAbNK1owWQ4mlL
Dancing With A Stranger (with Normani),6Qs4SXO9dwPj5GKvVOv8Ki
Throwaway,6TGoYBjxwsLgIzaw9lhfMG
You Don't Know Me,19czqg2sES22uiWenXX9dk
Hard Place - Single Version,56Rmib5mhCfiaSJqhLgEdW
Sounds Good To Me,4qIK8dPBwW5buRpoCohT9p
It's Gotta Be You,6cAKeFFYW2aClZSUyvqAEW
Half Gone,3xKNy9VJrH2hqO3YXV2mKx
Outta My Head (with John Mayer),09oZ9eXQ2fo6YDrPzJqAoP
Trampoline,0lsRatBUs9HNIZAmoGABzk
Take A Walk,7hB49K9WgbReO3XkDH9YW5
Feels Like This,53Wsf11ElpPr1WAGtRQlcx
Peer Pressure (feat. Julia Michaels),4JWQC6gyYoPRnxRxk0ta2M
Older,52iLDrSoRtf9lcgFuLVfqE
Out Of Love,4WzhjxvLP95y7AMDy0Atwb
Falling like the Stars,15xWRPHQMeqgdkGzInx3PY
Flux,4zb3kFL9fXrrfTwIY4CcDy
Slow Fade,25aILAMvglYwkk4QkbfAxV
Better Than Today,6MLHg35rlksBc5OBcdZvJi
Hurts 2B Human (feat. Khalid),7c5h27Ju8JE5xWKTQ88KhL
Lost,2Pph0CUJ8uksCBzV6iyuQF
Why Her Not Me,2WKJGNWfblWBKqm7cw9C9N
Shallow - Radio Edit,6QfS2wq5sSC1xAJCQsTSlj
come out and play,7wC5eZcFS1Q1BsQ35DU6H4
New Light,3bH4HzoZZFq8UpZmI2AMgV
Someone New,0G7Ik0gmxJBFJKAmK2p1k9
Easier,4tNXntkAzQ5A2dfYRYGIIQ
I Don't Care - Acoustic,1m84zLz4WizjR4mCDoXReg
Mars,77yhWjXlpQzmbId8mnZpsZ
Til I Don't,6TSlbHp7Vx4wZ0Rqciwn5v
Don't,7pvTLJOjJPbS97gnTfH6uH
Be Real,4PEbNdnFtpko90iC0W9I2u
Señorita,0TK2YIli7K1leLovkQiNik
Must Have Been The Wind,1PsMieVYFXrSeXMxuE2SbG
Doin' Time,0cLS7FslBJgsuWwJNRnPWB
Best Part of Me (feat. YEBBA),5ug4vqGZ3eisGhY1IsziNX
Don't Need Me,2Qk6sZWWa8cSD42IBQd3u1
Beautiful People (feat. Khalid),4evmHXcjt3bTUHD1cvny97
Hold The Line (feat. A R I Z O N A),6EBlOYNcZ8MrdEov9lEdV6
Don't Check On Me (feat. Justin Bieber & Ink),3msKIQc0Yjuz3Zn39g3KLX
I Believe,1vYh9x8UmFTLbXiizk9Qc5
Jesus In LA,5i2JGF65pHKSfMEjSMrBC3
Prophet,4vFTpKeY2F3ckwhULrtS0z
I.F.L.Y.,4R9ATNRRl1uth17i5qDCc0
Ready,6l7lX8hJXVIUyPrTaabpqk
head first,1nDOeWBfRKA5YNQ8bKWzMM
Takeaway,6wo37KVqFJhtuxPTpLCcfe
Slow Dance,5FNS5Vj69AhRGJWjhrAd01
Slide Away,44ADyYoY5liaRa3EOAl4uf
"Right Here, Right Now",61Jk4NuavJPhDBvVZes5iB
Treat You Better - Single Edit,5lzHDkFLN01bKatvKQC0lO
Hindsight,1LY3wORUYTg8t2lZ1v6wHq
Falling In Love - Klahr Retouch,2OBnKKfUuxQcQ5qbrIojem
Visions,4TANuW9cpKCGqH499rr9re
Madness to Mayhem,5aYnVovaVlOZ3bxVfMJ7qd
Sirens,0EudqIdrpZjHZ1pnSuBKgA
Know Love,3PRRRSkNfeZmA5xUEUkK2L
Naked Flame (feat. LeyeT),5Xjc8o2NdSMZRoNREsiG2D
Always Afternoon,6GMaQmdpwGolGyuW6ZJ9X9
This Place,73mS0eZixX8WFFMuKZ1iH1
Try Me,65YyjJx1nqp0MCFJw20RkR
Out Of Love - Devault Remix,5Gs8Ehu9sYcOdMaowtioa0
New Shapes,5B5NW1VuWFBsrRDaY7lwTe
Brotherhood,035qofHWoDag0pg1e8gY73
Do It Like You,5h1Gi50T9QxVfzvIF8vciC
Yesterday,0Ll26jZ8wzvUxaWdQlqIko
Letting People Go (feat. Prinze George),3xVfvbf4EEcgh4vnvgdjeO
Mystery,69ZdNv7ophVx0sS7Lhmwqt
Attila,2i2luf6v6y7J0jI3UPltIt
After All - CIOZ's Whale Remix,1MuErI5CJDLl57UuseAlcj
Piece Of Your Heart - Weiss Remix,6fpfE8y4DOKQrMGJ5OeFEE
Spark,455dBlLbb20MByIVmlSwEg
The Real and No Lie,3PHhaHzJdy8up4opIxvxTe
Solar Flares,5ckHPPb5qikRhWixDXXmiP
SOS (feat. Aloe Blacc),2x0RZdkZcD8QRI53XT4GI5
Roses,07iVScUe08QYNdEvjsEEGc
Cassette Jam 1993,2JE6w3ZKBKOQThOv4RIMqw
Return to the Valley of Right Now,3Fc2wNUoBfRLy7v5f97A4c
Calliope,5PERA9s7njO3xkcBBQ4N7W
Landslide,5ihS6UUlyQAfmp48eSkxuQ
Wanted Dead Or Alive,2fY6tqgrlrg1ky9fgs0t5u
Back In Black,08mG3Y1vljYA6bvDt4Wqkj
All Star,3cfOd4CMv2snFaKAnMdnvK
I'm on Fire,3PzsbWSQdLCKDLxn7YZfkM
Streets of Philadelphia,33PYfsUghmJi6rcKCfJ7my
Dancing In the Dark,7FwBtcecmlpc1sLySPXeGE
We Didn't Start the Fire,3Cx4yrFaX8CeHwBMReOWXI
Call Me,7HKxTNVlkHsfMLhigmhC0I
Africa,2374M0fQpWi3dLnB54qaLX
I Love Rock 'N Roll,2Cdvbe2G4hZsnhNMKyGrie
The Power Of Love,2olVm1lHicpveMAo4AUDRB
Livin' On A Prayer,37ZJ0p5Jm13JPevGcx4SkF
Start Me Up - Remastered,7HKez549fwJQDzx3zLjHKC
Don't You Want Me,3L7RtEcu1Hw3OXrpnthngx
Careless Whisper,4jDmJ51x1o9NZB5Nxxc7gY
The Boys Of Summer,4gvea7UlDkAvsJBPZAd4oB
"If You Leave - From ""Pretty In Pink""",05oFyvdztPdpwSwpoclD4c
Raspberry Beret,5jSz894ljfWE0IcHBSM39i
You Shook Me All Night Long,2SiXAy7TuUkycRVbbWDEpo
We Built This City,7aHRctaQ7vjxVTVmY8OhAA
Centerfold,1ynmMEK1fkyiZ6Z6F3ThEt
This Feeling,4NBTZtAt1F13VvlSKe6KTl
7 rings,14msK75pk3pA33pzPVNtBF
ME! (feat. Brendon Urie of Panic! At The Disco),4Sib57MmYGJzSvkW84jTwh
Good as Hell,6uAm7pG66O1XesXS9bpHSF
Formation,6g0Orsxv6glTJCt4cHsRsQ
La Di Da,2YyvWje3cEYyqgYhNUIaBJ
Better With You,3D37T7euWvVJ45evRmriIh
Sit Next to Me - Stereotypes Remix,4v0CuFW0bEMBQ1gRn2mB3X
The Middle,09IStsImFySgyp0pIQdqAc
Broken & Beautiful (from the movie UGLYDOLLS),1Y9cAYTmyWJCcmfqdG2I29
Closer,7BKLCZ1jbUBVqRi2FVlTVw
We Can't Stop,2y4lAQpi5VTNLu2ldeTdUH
Survivor,7qtAgn9mwxygsPOsUDVRRt
24K Magic,6b8Be6ljOzmkOmFslEb23P
Burning,68vxG1i6RSmrsY9mRdqDgG
I Don't Care (with Justin Bieber),3HVWdVOQ0ZA45FuZGSfvns
Hurt Somebody,7apizLyhMRutg3ccXvr2qv
Electricity (with Dua Lipa),5N4erncE7kuUccm7zEmwzk
Free Spirit,2kAIpGWnlFLQh48iut6Zzq
Truth Hurts,5Qel1sTrU4LM8HlJSPT2jd
Hold Up,0rzNMzZsubFcXSEh7dnem7
"Badass Woman - From The Motion Picture ""The Hustle""",5Glf3tBr73L1fbO9u4pL7r
I Like It,58q2HKrzhC3ozto2nDdN4z
Treat You Better,3QGsuHI8jO1Rx4JWLUh9jd
New Rules,6tF92PMv01Ug9Dh8Rmy6nH
Mother's Daughter,2WyRfGeHo97VC5mP1BBSzr
Castles,23zzZpPotrX7adSotiOvtP
Glad He's Gone,6aIAuKNU8JlVaTmoCYYN6U
Flames,33IOhptvC2Qoy2UhjiHXLV
Like I Do,6RnkFd8Fqqgk1Uni8RgqCQ
No Scrubs,1KGi9sZVMeszgZOWivFpxs
Here With Me,5icOoE6VgqFKohjWWNp0Ac
Woman Like Me (feat. Nicki Minaj),222B3aljXx6fFwKmFjuBED
"Hurt Me - From ""Songland""",1zHmzN75pKHflokUGZh7sA
Higher Love,6oJ6le65B3SEqPwMRNXWjY
"SPIRIT - From Disney's ""The Lion King""",6ucmgsair6pvRYfwgvI6e0
What Is It,762vNiCFtKfWLdnalxefgI
Losing It,6ho0GyrWZN3mhi9zVRW7xi
Fire In My Soul - Tom Staar Remix,32JXzKaBhI8ntnKg3rW84v
Electricity (feat. Dua Lipa) - MK Remix,6JhJ3Qiw7sWE74MmSTbwkK
(It Happens) Sometimes,4cWafPsRizm6woL5j4HNTD
Space Disco (feat. Roland Clark),1CUkfvM95YZCPlHxeU6laS
Your Love,0tgbSxoFjZ20MjfoKwWevV
Feel My Needs,7nionv2ijjqUlg9m5iWPTc
This Ain't Techno,26VQvcUzPMLc1Jd8oDEbfl
Turn It Up,0yrlRdgnfEFvk5zlZ9yCKy
All Over The World,0XS2z0E0ox7F4JHYKKR4wK
Dirty Talk,6afz6WNkVxp0q3anZU72bh
The Beat,3b0cJPguhWOh2hjY6Lu192
Bvulgari,7rEOUR7AmXcgd32WG5duJh
Lick It,2AUHVjR5lhg6GcztbGvRkc
Freak - Joe Stone 2K18 Edit,2xbRwcylUnX881qaqf5ZZJ
Fuego,0BSra68rArc3aX2KurwAcI
Cubano,4f7zOPXtf4DKqAWgT3FD6x
Sixes,1NQcFF1frcwdZZGhaMEYH4
According To Me - La Cumbia Cienaguera,5qpKrG0B24tgBzg1aDNkM7
Oh Yes (Rockin' With The Best),5AVDsyUbuVpVTflSxAB73C
BARRACA (feat. MC Pikachu),03L9G5TQGdhASEknspRIZQ
Body Work,1qo1dnwguBAbiqRNd3oTEi
You Little Beauty,71NOmiKvk7s5R7dUurNjuy
Together,4IxsLabWeLzuFZ4uljU610
WTF (feat. Amber Van Day) - Tujamo Remix,31NDAHPCyqEIPKd3kUV6yA
Good Times,6fAjdEghx2BQUaXs1yq9nO
Riverside 2099,4gCeoAADi0gWPVbwLhhuqq
Don't Wanna Dance,6b56B8Ew3d0WDnd4Vq01Gh
Hell Yeah,6HuxoQlfkHFTgbj0T0OY7N
Baianá - Pablo Fierro Radio Edit,0ehmor7tXN9ngqn1rbFIFy
Get Funky,1JF3bEafC0OlNUv1JjgTEZ
White Lies,2UkF0EWfh0T90ScJzGqnD1
Body On My,6e0CvGZf7CouOpYF8toXHC
Best Friend's Ass,1hZ7LSB05aNMX2Nw73DFiR
Summer Days (feat. Macklemore & Patrick Stump of Fall Out Boy),7Feaw9WAEREY0DUOSXJLOM
365 - Zedd Remix,0ywzvARVqoxQOJpaswRe9E
Happy Now - R3HAB Remix,7AkLPOwjju8taQCJCaIUts
Giant (with Rag'n'Bone Man) - Audien Remix,43IWqSUbgHujwQ6YFGVPth
Happier - Matt Medved Remix,508lUjbGcPrL0CfvHC7UvI
Old Town Road - Diplo Remix,3kgKVcBpBGuSeaEC0AZGlb
Low Key - MK Remix,2lKp8yuDUKYGjRFxazX25P
WOW,3O8b0dDy1Z8BNM81U8DE1j
Play,29R1IMTTbDDA3VNlk6UEW5
No New Friends,3Y7a0typ6ik1KscmebXd6D
Can We Pretend (feat. Cash Cash),3O0e0LHTpza0rYVDbZfQ4r
Side Effects - Fedde Le Grand Remix,7FDaS1k08rwMoAThmzUkOZ
Grip - Jay Pryor Remix,0xARbGHzPT1o5t1sFlmyO2
Talk - Disclosure VIP,3uXHSf9sSIpOJWuC1H8DiU
Only When It Rains,3ccIZSRn5I2zcWkpdO9gZB
Sun In Our Eyes - Don Diablo Remix,1Cfws8y490Zpsqsyeme6V1
SICKO MODE - Skrillex Remix,0u695M7KyzXaPIjpEbxOkB
Dancing With A Stranger (With Normani) - Cheat Codes Remix,0GfS3y8Jd7SHWd9R51s7Fo
Selfish,6xUy203RnyyOfbqf96Nven
Remember (with ZOHARA) - Madison Mars Remix,65wuiIF1OifeUmyZCsHeCY
Don't Leave Me Alone (feat. Anne-Marie) - EDX's Indian Summer Remix,1mC2UjWt25Oixtqu7C6suL
One Kiss (with Dua Lipa) - Oliver Heldens Remix,7b4vbqgzMhbFa0wdjfftQJ
Bittersweet (ft. Quarterback) - Junior J Remix,5Mq7ntOR1DsoLiBzunBqHp
Pretty Shining People - Jack Wins Remix,5KsdfLLbAkncvkvtHavfLd
Think About You,3Kuu5vASpXK8oRsxOvau6P
Headlights - Madison Mars Remix,0w6kxpXufsj7lUk79Nw9cX
Beach House - Ashworth Remix,5tjpOTsbVVbqWRQuymGnuy
Selfish - Syn Cole Remix,5tYDcZjgHvRjsydcB2E8Qc
Not Ok,6aoGtdWXBkYQ2O2wnyIz2x
Brave - Don Diablo VIP Mix,01niGNTcFtX1wweTTWQbb2
Karma - Alpharock & Devan Remix,5jamFu45LLiAPqVgTBtw7j
Think About You - Galantis Remix,4fC6tDEFmSBBCRBUOPeQ8b
Falling like the Stars - Madism Remix,0iHO8dmXhSYCgfow7ckt9W
Obsessed - Tiësto Remix,4918TwZfPrxk8vKhuaqIiq
American Boy - Brooks Remix,6B2NRQjtSOtqi67d72r5cx
No New Friends - Dombresky Remix,1TVEPho7uQub2pMJyzO8JD
bad guy,2Fxmhks0bxGSBdJ92vM42m
Make It Hot,3MH4Qwn0qcUvzzqKSLdcnd
SOS - Laidback Luke Tribute Remix / Radio Edit,3eLdNmnRWr9gIyBcqTSSti
Stay (Don't Go Away) [feat. Raye] - David Guetta & R3HAB Remix,1CshSPWFrIZTXrAXHMc4jG
Ritual,3M9Apu4OZfylLTFKvgEtKa
Late Night Feelings - Jax Jones Midnight Snack Remix,7hrnaeVvXFAkvQOmjHJglY
Heaven,0vrmHPfoBadXVr2n0m1aqZ
Hold Me While You Wait - Steve Void Remix,5dy3WUywjZcalTno1io8TQ
One Thing Right - feat. Kane Brown,4hPpVbbakQNv8YTHYaOJP4
All Of My Life,046lPiPxQIXxyBOO2jpnp4
Rockstar,4OgwXdylh75fHfwUzJTUqg
"Instagram (feat. Afro Bros, Natti Natasha & Dimitri Vegas)",0U6bQIAh6MCGo1xjbIIx2S
Let You Know,7p0tz5SeCrSxTLSvwR8W3D
Cross Me (feat. Chance the Rapper & PnB Rock) - M-22 Remix,3eFJI470ALf1EYjywPRsJy
Calma - Alan Walker Remix,1aSarrHE1TK9vSmyozuo4K
Find U Again - MK Remix,1Yk6VWzkYzpDarxEVmrz7O
"Enzo (with Sheck Wes, feat. Offset, 21 Savage & Gucci Mane) - Malaa Remix",0DC2OR1ODB69FH1JzGFLTX
Spicy - with Diplo & Charli XCX,7hzjWGFi2HKUGOXp1LiQ3V
Jackie Chan - Sebastian Perez Remix,5pT2YfSaNwYsBPbIuBb0PE
With You,1xK7enJZVdv37fnnxoZlPq
Good Things Fall Apart (with Jon Bellion) [Tiësto's Big Room Remix],6m8SIT10j41SPpPFOknTmP
I Found U,6jSPbxZLd2yemJTjz2gqOT
Hola Señorita - Robin Schulz Remix,44ETcHYUz11q8QbqcgSwL6
But Us,5D1xuEjdsSFpw5rTsinc2F
Summer Lover (feat. Devin & Nile Rodgers) - Keanu Silva Remix,7tsCWvk3LFIrkiW53iapVK
Everybody Hates Me - Khrebto Remix,4hJolpt4ZqzoZuET5l3rzV
Who Do You Love - R3HAB Remix,5QkVPG2Hf3MmAarireF6lh
Do You Mean (feat. Ty Dolla $ign & bülow) - Myon Remix,4sqABRRGU7CzcHXCyxUzFw
Nothing Breaks Like a Heart - Don Diablo Remix,5xBafmhrJzzMsd1dxErIbJ
Flying On My Own - Dave Audé Remix,0C9w0WJdckpqR7w0yEWo2i
Beautiful People (feat. Khalid) - Jack Wins Remix,7fvUMiyapMsRRxr07cU8Ef
Summer Days (feat. Macklemore & Patrick Stump of Fall Out Boy) - Tiësto Remix,1sI9LpIHEEzQwSVnp8oyfD
bad guy (with Justin Bieber),3yNZ5r3LKfdmjoS3gkhUCT
Someone You Loved - Future Humans Remix,1e8PAfcKUYoKkxPhrHqw4x
Summer Days (feat. Macklemore & Patrick Stump of Fall Out Boy) - Tiësto Remix,55nMnifaQWKe3f9cbwOXwx
Easier - Seeb Remix,6GIRtKNXokeu25nn7U6Hu8
Call You Mine (with Bebe Rexha),05CwHjIk71RXVU40boRMnR
Trampoline - BKAYE Remix,4MuYNxE0Dgw0PFXz9Aquw6
two nights part ii (Lykke Li x Skrillex x Ty Dolla $ign),47UnzjxpWvJKCverxM1OaS
Call You Mine - Asketa & Natan Chaim Remix,5EdYlCWou17k0N1PADLKfO
"Instagram (feat. Afro Bros, Natti Natasha & Dimitri Vegas) - Bassjackers Remix",1r1AGkq5U0pBBcL9WUqkAh
One Thing Right - Firebeatz Remix,2M9GeaCQXrV12J0wzBxIwi
Heaven - David Guetta & MORTEN Remix,4QAUGy6k7c3IOAhgWz52r7
Hate Me - R3HAB Remix,3iJeF2izF1QcpCgUc97BLl
These Heights (feat. Caroline Pennell),1LFT9QfD13yS96njon1w49
Dancin (feat. Luvli) - Krono Remix,6WkJ2OK163XXS2oARUC9JM
Alone,12mGwph2YzDIlChtq3EdXP
Waiting For Love,2P4OICZRVAQcYAV2JReRfj
In My Mind (feat. Georgi Kay) - Axwell Radio Edit,2tW2Kn1IGFFVfRVnQE2UaQ
First Time,25Mf35cnnFalpVNFp0g3hW
Don't You Worry Child - Radio Edit,2V65y3PX4DkRhy1djlxd9p
Language,4ta97KyyCWLCQAAFtOWFpy
Freewheelin',0fusqEZznLhqoNNdHllbgg
Panic Room,3MkuFR7t25mu7Iscp6GGiV
Happier,2dpaYNEQHiRxtZbfNsse99
More Than You Know,6h5PAsRni4IRlxWr6uDPTP
Without You (feat. Sandro Cavazza),6WbADFqMvR8N5u0BvtsWQE
Tie Me Down (with Elley Duhé),4QVS8YCpK71R4FsxSMCjhP
Cola,1HrMWH5GUdK6Yi94rbANJA
One - Radio Edit,41KPpw0EZCytxNkmEMJVgr
Prayer in C - Robin Schulz Radio Edit,5fnA9mkIfScSqHIpeDyvck
No Sleep (feat. Bonn),1ahVFh0ViDZr8LvkEVlq3B
Bones (feat. OneRepublic),1pfgsjmxVZhoZpeDx6POKv
Giant (with Rag'n'Bone Man),5itOtNx0WxtJmi1TQ3RuRd
Fire In My Soul,0M0FvSNRZmDz0Z769rewlI
Piece Of Your Heart,5p1ex0pXv6jSPJ6QbumQpD
Never Letting Go,5llPdGZJjJFJv9aL6ZaiLY
Old Friend,7l1NMHXBISVLarwGyfgmFP
Breathe,6TR0FGw4zhlGbQALN065AI
Obsessed,7p4tetW3qNwSCz92PLGJg5
All Day And Night - Jax Jones & Martin Solveig Present Europa,3O83h4LS797N23DpweeRAa
"Carry On (from the Original Motion Picture ""POKÉMON Detective Pikachu"")",3y3brCCecHC3Db18aIOnny
Promises (with Sam Smith),5N5k9nd479b1xpDZ4usjrg
Remember (with ZOHARA),2EdT0divbyKeaurz7KgPm1
Ocean (feat. Khalid),3nc420PXjTdBV5TN0gCFkS
Wild Wild Son,3QC33AxvY2sdxq22ym3aSL
Summer,6YUTL4dYpB9xZO5qExPf05
Ocean (feat. Khalid) - David Guetta Remix,2Ceq5Ty6rJqazoZIWyS0Vc
Off The Grid,5STtg0bZXSoWfF20qWGxeV
Alors On Danse - DubDogz Remix,19eIZmuXlBmLTha1lPHef7
Avalanche,7tqA9XeIDo4VEMaqKqs28g
I'm Not Alone - CamelPhat Remix,0kDIirlQCy6YnmsK5pZ6PZ
I Got You,4QE7rcOeNErdz87pgSZ823
All For You,3y1fEFFHFv79OYeCbzc774
Do It Again,5yzzy7Hevww3RDntQM5mG1
In My Arms - Vocal Mix,5gv6VYPKge6OyVkkhhBacn
Northern Lights,6ogrQMdCS6issOr0ffcNxJ
Gucci Fendi Prada,1w1s6WpKGg4wyLRvyipczX
Ballie (feat. Kah-Lo),3OLPjAr2kvsNinDvi8Mndl
Travolta,32EkWfqZiDOkRyMLeDcSnr
One Thing,5wRqbS5LWr06yeCy5laI5p
Exhale,1rpwvGaKBRjbHna3HKWGPv
Take It,14fIlfcmFPlj4V2IazeJ25
Wait Another Day,7qZOnik9K8Mv987ccBjwwj
Bring It True,7DWU57AOAKPQSenkfMZrke
Delicious,5s44daf32Q7yNMqhIn1Jj4
All This Love (feat. Harlœ),0nxYyX5PIHJqF4VSb4CIFV
Body 2 Body,4466tjT4xLDhIdmsMymUHk
Concrete Heart,4jEJEJHmbR7WyZF6mz9Uvr
GOMF (feat. BRIDGE),4Jr5mz5SdCwCWuVhCxJoTo
Nobody Like You,4A94JkVlgSHO943WyoWXc5
Stay (Don't Go Away) [feat. Raye],4YhN72dRYL2Z3MsaKyT7rS
Wait For You (feat. Maia Wright),5Gv1lrNFnL3DhiMj3JOGaX
More,1wFsqkPUZdPVyxsRWFm0ww
Found Me (feat. Maria Hazell),7ubEV4AIzzuaGKnl23GhjR
Inception (Ultra Live Anthem 2019),5gGr2RvBtngp6dFgshVbl2
Control,230Ig7lh0qnx2SzAl8gabH
On My Way,3fDTDf6XRXgrSR6DpXLS9E
Infinite,2C8sg3Ae0bhfY9XtLlfUYj
Nobody Else - 1991 Remix,44iDh0Jq6w5rJfU9QRGBS4
Happy People,7AFvQJ4osDwjyXC9KB2f2E
Cucumba,50JXRlI4j4Fkh6PT9vUYsn
Midnight Sun,6qTP59Amjny78Qd8zayuNW
Nowhere to Go,7cnwTPuCdevRSusG4EzxKf
Save Me (feat. MKLA),5WxtmHAcrDbghHVGupu18h
Oldskool,2Q7kTdM2rHHJiP8ikFw12o
Sparking My Fire (feat. ROE),6H4Z4Sl0QYihizCTPzhEZm
Back To You,0Ni4MKSGgvn0IGdnF4upti
Go Slow (with Kaskade),4V7phnA6Q5Z2w3Vj9cZwe4
Birthright,24KBMWfxD8l3z9JwfgU9oL
Forever Young - Dave Winnel & Jack Wins Club Mix,7FwFPVhDWtqGOG8yIC7zqL
Due West - Skrillex Remix,1bLz3Mcy1pf1W04KZBWrHk
Stay With Me,0VgtjIiWXKMxqtYnhHmQ8U
Waiting,78v8ad1iLTlfLbam4qvzNu
Fantasy - Nora En Pure Remix,2g18NV13Q39dKqfu3yNF5X
Revolt,3DKKhdNzpFbRlo0XaaZBLk
Humans (Let Me Love You),1IB1GFSTgmeecjscmAJ0lW
Dance on the Table,5OPutqODUjt2Y8fdBYTGH0
Another Day (feat. Kaleena Zanders),5JrXxEZniILplCdUaRSeTE
Pony,26AIHH0JMIP8sd7YBM5uWb
My Girl,4tbC0eXSu3Bd5gnPoY3YXB
Control,0HK4ZG6dkoHgDZ3LhL2GVv
Good Things Fall Apart (with Jon Bellion),6pooRNiLyYpxZeIA5kJ5EX
Everybody,4kU87cO0bEhkEDpLxFamk6
Speakah Wreckah,64Sf2tpcN1Ggcli1pDfT2p
Feel Right Now (Power!),1IU52Yf7jEjBc2i57DAIIv
All My Friends,7sGTH1fber0bhncNMfNxmt
When the Lights Are Out - Garage Mix,6gPafWXMFIHRuYAVweJJp9
Back to Me - Calvo Remix,5PyWOUle6A20XB2tTds1RX
Anjunafamily,730a7YaJ8wvl4Wlay4GW1i
Potions,5uGCoNepb3NfYHzdVDXQtC
Make Your Move,5gBTUPVWxpsiIiMLKKGgrR
Pipes,3bhSiMgJFY2dio2zR96KeH
Techno Prank,4t8ilMPQ7E7S6pB4i4Kf2I
Revolution,6tbQHLI1z7drPR6HIXnTS1
It Goes Like,1XJn3e5IG7Nsm2g19KIBBa
Why Boy,2devxXJUTEIFmgt8cXaqmO
Party Never Ends,35F2tdWosmulYdcmsXpQ7x
Bombai,6Pkqfsx6tipFO4qpwkuRYz
In Between,6rTayaf5TGzAfQB6OODOJd
We Can Get High,0Vct1PkjAYGH2X4iwNVR71
Be Someone,4esEsg9IxiTAGMBQLe9XOu
SUPERNATURAL (feat. The Griswolds),6zZDcoqPsrScolZ9CHox0Y
Post Malone (feat. RANI),0qc4QlcCxVTGyShurEv1UU
Set Me Free - Norman Doray Recut,29xrknLOJZ796HKLIrXQyL
Let Me Love You,2gYdkdRAy59oHjcVd2upUP
After Hours,6qLkMLUIkdtX34gHF9sPFL
Anything For You,4HmuPzVgJtdhRI1YUL5XHp
Dancing By Yourself,0ZX44GyxjAWC4dbi9MmiUS
Piece Of Your Heart - Alok Remix,6iW38RGqdDGOofmz2HeXLW
Body 2 Body - MEDUZA Remix,5cW5ymFHmahYL0ZIMtpuZN
Cold Summer,3FSyY2VbFoerEP11q1wrwt
We Found Love (feat. Ashibah),6179WQbZYf2WXoVne3mN6d
The King (with Dzeko),40UbcJWyWPqOWFvv4Dpvfc
Carrera 2 - Rub!k Remix,4otwxB70Iv18YrHMnAUMh4
Lowly,1F2vOCS6UmbTMffewb2eu0
Lionheart,4e6ptncGZRPRiQFFPsExtX
Ubuntu,18zapdywTsbPPqI7Tx5H7Y
How Do You,33Vt1OmmvoT91OCF9B6h6B
One Touch,5EKiBMhzRLALeGDPdoAKkQ
All You Need To Know (feat. Calle Lehmann) - Jason Ross Remix,3tylueXjYIWCavwcHg6HMd
Get You High,7nHlBanwWUD8Ly7cIGxrSy
Night Service Only,5uPDI7ltUTt77FgV8ZmS5h
Illumination,73TQ83HDwnRaMBg0L3wpSw
Diggid,5iXnDpczRvMLg8FYDQtc1B
Your Melody,5estXIceLDQwbwcgFugTWP
Extraordinary,2IFEunnvdyUowUJp8wSQ80
I / Y,1L5VP9PWCU5dRzl1bvlFkJ
Find You,4pRgU9tlDnPVQV27xOOryV
Heaven Can Wait - The Aston Shuffle Remix,3C4fzUgIP3ahkhOBdP38GM
Solid Gold,7DQ5CZjAQdhgDgdnSXxJ7Z
Don't Worry - Axwell Cut,4fX1PGVgbxqY6NVzZqhMuz
We Got That Cool (feat. Afrojack & Icona Pop),2cFK03sObtI6AK3QKeOT5g
I Could Get Used To This,6u8epWzzk3CsJ05sqExF6T
Get Away (feat. Rama Duke),7G2Ax4k5WN0fGlQZQKWXwr
Sometimes,1MqBckcnN45W32KSSHnylW
The Rhythm,2gvgq9z1ChRgZUqGlAuptJ
Red Light Green Light,5D1zGVDJTOqwaGSzYw5TtP
The Wall,0Qp1IH1EkRCNabfgzxNMUT
All This Love (feat. Harlœ) - OFFAIAH Remix,5RacpqELGv0C13HlrLGebK
Letting People Go (feat. Prinze George) - Diplo Remix,3iINfVB6kucFrmMRWdLMWS
Sahara Love - Seven Lions Remix,6KjTXwntv8paBCL3El9TnV
POP,5aKGbK1AO3pTVgGwzwq0Mt
I Wanna Be Down,6nRNYQiLt3RU06fzHxCnsc
Come With Me,3ojIcRRn24zTwjxmixrtab
Blame,3TSZpRzSEKL1dFfpd1JDoF
Rave,7eJ8kuzJ2KyA6ahMhNnNCZ
Blowback,5V7GTioNmzBtAhQeD589F7
Let Me Love You - Club Mix,7EUIv0ygwh1Z10Km2z1Jbo
"Lies, Deception, And Fantasy",66CC0YuVDBVbfMymqFrIRq
Discovery - Sunrise Mix,5RFG2hZsZho967u6Y6Jn7u
Waking Up,40CAiRmr9j4tSdcJok5PJZ
My Spine Is Tingling,5rjpu5k6zRyHCb0JS0sHH3
Set Me Free,58Xx6ZPFsi6bqkFFZe0GD0
Before the New,08UtM9Q5WDq05cOHYIBlX1
Downtown,2OIzPIK8phDWFqbYPIU19P
Treat You Better - Cassian Remix,3haIVEYCzkPb5pwTzbEFDE
Hold Your Breath,7jCXeMSEAlRmsLT4W1if0I
Who's Got Your Love,5EpR6BqAnwR9PPl6sIrzGy
You Already Know,374iP6eVAWCCCH2mvZT2A9
Swing,6T0PSfzdg8PE44T8PbbEmM
Blow,1aTywFB56SkYDWlDYrm94O
I Feel It,5FzuDFYmUFcvjraadJXv28
So Hot - MK x Nightlapse Remix,7BFG4uu77wbPtcxFB38G9W
You’re The One,3cUiYgPrpZuEO2YbYS6a4b
I Wanna Dance,1CW7tYkpJ95c7bQkRf6CcK
Heart Beating,1WvOvrsD1ntQq1khvNe3lK
Piece Of Your Heart - Joris Voorn Remix,7cuJ3Fby01EnW1POX5Ruvu
All This Time,1tq4UL9BB7BHuT6eorlX3X
My Best Life (feat. Mike Waters),5kldIyD365H9iq8Cz1Jb5F
Hope,7u04ap1LQoHVJ5N1zs8CRE
Over It,3vlgaWIgx1gJyOnnowxG5a
Take All Of Me,2pxmeFANbPzx0PnUGmC63l
LaLa,59B5a43NLHme76atvWyLYE
All This Love (feat. Harlœ) - Deepend Remix,4JxZdpIH323g6eK1FrGqDW
Truth,29VJE9xQm7XtYGwwgSw0Al
Back To You (with Laura White),5uHE5I3K0RQxfPs5gJ9ykg
I Need A Painkiller - Armand Van Helden Vs. Butter Rush / Lucas Frota Remix,4m1rHsyzQfyFk0Sy3HI6Xi
Mumbai Power,2beor6qrB0XJxW1CM6X9x2
Skank,2GttAPcD4yCa6LldxDZomx
Know You Better,5VrSVEkPSHpWOn3stPrGWE
Monster,0YU17F0BlVXvmx5ytsR43w
Sorry,6y1UtRcHQU07aUs3oxZ8Yn
Dreamer,4PZSK9emDiCzkvT3yMWtOT
No Goodbye,5gwLIRjGFf3hXuHoKEsWLg
Selfish - Tomorrowland 2013 Aftermovie Remix,28ywYrZxqUIdX7ctAkGrGi
Be - D.O.D Remix,4NKRQXgj6FecD1YpY1xEyJ
The Same Way,1Rmxhk9QkgjJAPifwkA4uM
Rave (feat. Kris Kiss),6AfvfheW6VzyV1MNyZ9XXd
Days Go By - CamelPhat Remix,7CWqiUFqb6wfzrdG1jWklU
Sahara Love - Jason Ross Remix,5LDgqCcIuRG2NtV7tdqNX4
Waiting For Love,5e9lzDRWdQR6gGHjiTcg4M
"Made In France (with Tchami & Malaa, feat. Mercer)",0E3L4BNuUlZyvcZyySTfKr
Missing,49VRbrcXY38aAci2YBMgs5
Colours & Lights,3mlofacGjfLS5qrEG2Pm6B
Using (with Emily Warren) - MEDUZA Remix,7c6tga0CoT6IHhHt16EcBd
Give Me a Reason,6apnL2zZz3Ft8ae5ueBzzX
Boris Borisson's Trip To Morrisons,6Bc9CeLnFLmBhqTiNelyjm
Slowly Burning 2019,0nRSoJxUMDqgwtHgUjOFnV
Something About You (with Rudimental),3hYdai5p5sQ3vAmHQ6uaK6
Monster - Robin Schulz Remix,4tknhO5RmXIxnpoipMKBmG
Back To Life,3rnBqIIoxOpQ0p9BeW3NT4
Piece Of Your Heart,1DFD5Fotzgn6yYXkYsKiGs
Sad Song (feat. TINI) (Alesso Remix),2UJQmwF0yShE7pHcjSzX4X
Something Real,6BwClo5W3VvTzJv8bvZXDD
Never Be Alone (feat. Aloe Blacc),3GT2CBmJWIEdCpHiB31WYK
Felices los 4,0qYTZCo5Bwh1nsUFGZP3zn
Lençol Dobrado,5pRGXCDY0eT6R1QicAn7Uk
Vou Ter Que Superar - Ao Vivo,6sRLrSetyIwIKhW1eMlUNP
Cem Mil - Ao Vivo,5eMmT4Ava5BGThju0AD8vQ
Bebaça - Ao Vivo,6YjyT6MEMsMc41NNWk2dYg
Solteiro Não Trai - Ao Vivo,7oEr56KG6odStlQH0nvdyr
Posto 24h (feat. Wesley Safadão) - Ao Vivo,3mNmUjoDHYDYj08IaRPtg0
Long Neck - Acústico,4Lxv5hGnHOUYBVeDgWgcaP
A Culpa é do Meu Grau (feat. Zé Neto & Cristiano) - Ao Vivo em Brasília,4gDvg62vG96w0qJaF6wzcd
Bebi Liguei - Ao Vivo,1T7aSWZQIorPMzRT8jTMXc
Vingança - Ao Vivo,7KdcbYcVF8LkQeQcTYOixJ
Cobaia,6qDvzHbstT1Tr45okT8eN4
Notificação Preferida - Ao Vivo,3tA0vALUwrzkTgHcm9j6oJ
Dá preferência pra mim (Participação especial de Gusttavo Lima),3bdjxhq0PqcxNwswCOX6w1
Quarta Cadeira - Ao Vivo,5q0NlM6Pm8Pp3orq7zGiRn
Compartilhando Mágoa,3M6QJpWhM9NPcBwxTRKLlH
Pronta pra Trair,3IdXfXbXcbEe3LP9ClIZw8
Infarto,0XEJ7eph2IWFYZc73Jm3n2
Estado Decadente - Acústico,4eB8rsNNm5791m3uvEBNLR
Espelho Meu - Ao Vivo,5vAH9kwRajhfewbqBczqwJ
Quem Me Dera,29dRTbLTxRaSl63DIzbjvl
Tonelada de Solidão (feat. Ferrugem) - Ao Vivo,2dEkETSUpO8oZoCOcKT1yN
Flor Que Se Cheira,49pu85144Xir6PgWjeyJhG
Aperte O Play - Ao Vivo,5M8qHiAV6b0jo3phlyhxcR
Igual Ela Só Uma,6XGhqvxCMCcBy5XiqG7SWV
"Quem Pegou, Pegou",0kCqaybZgYcLYxzZymmBoc
Sem Sal - Ao Vivo,0E5S49GCejjIo9Bjmo5Q4z
Atrasadinha - Ao Vivo,5EKHbW7mXcAR4hCyS3YXjb
Do Copo Eu Vim (feat. Marília Mendonça) - Ao Vivo em Brasília,6NgwHmEgfQVIYQBq8QcWMi
Sofro Onde Eu Quiser,2Xr33epIjw1fbwOhrng4Pd
Então Vem Cá - Ao Vivo,0bBiQSsQ7AJsNpU63IpkNA
Casal Raiz - Ao Vivo,6QMPzYhqjhoK5v4Vx1PWzQ
Regras - Ao Vivo,67B2zQQTGWplLAnOHMigke
Cidade Vizinha,2YJAIDwnezLX52s3ZBPyC7
Ciumeira - Ao Vivo,2H1liABu20HXBOmbt5SQz1
Espaçosa Demais - Ao Vivo,4lEw9Id7kLDSJ6KRdaenM9
Pro Nosso Bem - Ao Vivo,73u22uLsakf8W12suab1QO
Maturidade (feat. Matheus & Kauan),3QkKCTSHnJlUag0GG9F1cN
Zona de Risco (feat. Maiara & Maraisa) - Ao Vivo,6BhEFJ4QKZC36hNZw2j8Xq
O Alvo - Ao Vivo,5Vw6ZLNB6Ko7VZM6vmNIbr
Todo Mundo Vai Sofrer - Ao Vivo,4E6RdcCWMiHTu7zy1VTNDo
Tijolão - Ao Vivo,6QwFUcPc5nhsqZuhXUYtV7
Então Vou Avisar - Ao Vivo,1idjI8gtxgHjy8KyZamY6o
Algo Mais (Amante) - Ao Vivo,4jGzR5Vri06Y5T9SxM7m5P
Dois Enganados,72N0CRIAqjETbhghrkCUW2
Conselho - Ao Vivo,7o6mPqSSF4AqyoljLLfYz6
Tiro Certo - Ao Vivo,6PrHpASrdyqydEKc8JFmEX
quando a bad bater - Ao Vivo,1nVIlX3h3Ds9bH6JMQopIU
Milu,1nqaSoiLuqevDes4S18sO7
"Para, Pensa e Volta - Ao Vivo",2KyXyTrp3kp1Fsg7B1osYD
Mágica - Ao Vivo,5cN5ZOVcYBl4Lnq50Zeqsx
Também Sei Fazer Falta - Ao Vivo,6hrV6KYL9zM8vFAbOSxFHY
Ferida Curada,1U3tv41tFRgOfbytpuYQrR
Áudio - Ao Vivo em Brasília,2PqPSf3gtTED79rWGwVtYg
Serenata - Ao Vivo,5fY9bVl1Wj4PIM3wnduWop
Saudade em Gotas (feat. Wesley Safadão) - Ao Vivo,4pnlRYoaaGu24SuC3et5Pv
Dois Lados,3vSXPjfcebTt5mB8DXHWM6
Parado no Bailão,3Hb9kUdm4yf839Fle4RIdT
Freaky,0NJp8GyCOWnQh71xKSPfuV
Wow. - Remix,3IKRHd9ihUdGffgz4Mbgv0
Floating (feat. 21 Savage),4NN6N5TxBO5k9uqu0W4gfQ
Sanguine Paradise,3XiNC94b4Tq1xwv70sQJGN
Speed It Up,3BXXkwyhsHM0EPApHMhQC5
Act Up,4eIT2gZ0WZyJpgfmoD6saJ
Pop Out (feat. Lil TJay),5AjINjwKyRvQJhSe2zpPHi
Splashin,79OEIr4J4FHV0O3KrhaXRb
"West Coast (feat. Blueface, ALLBLACK & YG)",4EnEGf9JzAJhF1XNY9DJcD
Thotiana,3oh6SCCeLuXhFpEyepla6G
Light It Up (with Tyga & Chris Brown),4Q8aDd3H6LF8t4eY7So9O8
Salute (feat. French Montana),4JIPyaaceaEZtOJAWmzBzF
Big Ole Freak,3YEbLhXRDPTtctnb3ddg8g
Goddamn,0Zl4G9qcdXV5hVhdOirNHG
Slide (feat. Blueface & Lil Tjay),40Zb4FZ6nS1Hj8RVfaLkCV
YOSEMITE,7lAK3oHbfEnvUQWosrMMpR
Cut Up,5wxP48hyJlNAMASN0bqZnu
I Like Girls (feat. Lil Skies),4KXDT3pmPDB9IB6hTUoGpd
Whip (feat. Travis Scott),6Z4rmc0uujCpl8yXe3yjgI
Tic Toc (with Tory Lanez),7cWmR9RLLMY6bj28q4bhvz
My Type,5KBARWIxeMGkvUax9VtVC9
Girls Have Fun (feat. G-Eazy & Rich The Kid),1NHlyKgtR4roNylOhidKSv
She Live (feat. Megan Thee Stallion),0ZWhqhiu9eIUOB1Ou0kiO3
Nonstop,2Vx8E3K5icPZR7OCklWBXX
CHopstix (with Travis Scott),01DOm09B2AbiTARAbXVI6g
REEL IT IN (feat. Gucci Mane) - Remix,4yVEpUXxYgBwfSOKGTFxv5
ZEZE (feat. Travis Scott & Offset),7l3E7lcozEodtVsSTCkcaA
Momma I Hit A Lick (feat. Kendrick Lamar),7jKUnzzOGhAlPjr7LkIUlE
Thotiana (REMIX feat. YG),7BCq3pUvTqJMvBzUmhcexK
Taste (feat. Offset),5IaHrVsrferBYDm0bDyABy
Praise The Lord (Da Shine) (feat. Skepta),7ycWLEP1GsNjVvcjawXz3z
No Stylist,04MLEeAMuV9IlHEsD8vF6A
Mo Bamba,3QybPutx0Tjk472bBKjNWn
Drip Too Hard,1BxkZE73h9BN3qwuA15TA3
Goin Baby,3WyRgi8CzQnhzO0xw79tTS
Shotta Flow,4dAMdQ6g4kGmnc1MDHsg77
1.5,2wOXxtHZgRkkrkEbKLzzqs
Jumpin on a Jet,1I3ZAmPmbFV78oNKnibOiW
Bleed It,67fNrBUMc7iWMofdCaoJV9
YUSO (feat. Lil Wayne & Saweetie),38Vjqr7xTeIzDpclKOkzli
Floss In The Bank,1dYovbTTxX5lGJVEdEStm3
Let Me See (feat. Kevin Gates & Lil Skies),2BaykZ7vUYBDqseFexHhtQ
WORKIN ME,33tNYw9oMtSkGe27NpgS64
I Love It (& Lil Pump),4S8d14HvHb70ImctNgVzQQ
Die Young,3wLtYwtqvKK2ewelSVPeDK
LOSE IT (feat. Lil Baby),69PkhA9q3xCWU2CzoZnLAu
NO BYSTANDERS,6OaVWaGfhXn70ZJfdVcabn
MIA (feat. Drake),116H0KvKr2Zl4RPuVBruDO
Wish Wish (feat. Cardi B & 21 Savage),6pcYAFkGyFRCrmcXk6iauq
Celebrate (feat. Travis Scott & Post Malone),5DiuFfnqqyWKat40eY8r8y
Throw Fits (feat. City Girls & Juvenile),5jCa1A0ZfkaWcKGsJZQ0kz
Zulu Screams (feat. Maleek Berry & Bibi Bourelly),4ITftSVpf4XkYoDqqpWjBX
Cash Shit (feat. Da Baby),2rMAtCaTj16NptyVfEIeAC
In The Dark,6l26j7uCiDstBiYTuiaInV
Broke Leg (with Quavo & Tyga),5WJdUrZ4ND1TCZ2AsjYK3P
Government Official,2QEnZJ8FwpBoyLKcFcgceT
Baby Sitter (feat. Offset),7f1zjZG77S891Uv4O68yfk
Tap (feat. Meek Mill),5rU6kDNXZLXIinFezpbWbO
Bitchuary,4dV3okcjbQwTcg4ObIGr4N
Vossi Bop,44ZJ4hLD5onikKsVLQaILr
Money In The Grave (Drake ft. Rick Ross),5ry2OE6R2zPQFDO85XkgRb
"Down Bad (feat. JID, Bas, J. Cole, EARTHGANG & Young Nudy)",4eqrNsKy9Mvg1fvfsTVIAE
Daddy (feat. Rich The Kid),6XkLPzkKzPhpr3hrvl1TUq
Ransom,1xbtojAZsQjOgiGdGX6ChU
Out The Mud,2wZjsbwmWfNVslgV5afl1L
Rodeo,4ak7xjvBeBOcJGWFDX9w5n
Stripper Bowl,7mv4eldXEFbf3s3ZEfbmlC
On GOD (with YG & Tyga feat. A$AP Ferg & A$AP Rocky),4l7oD6415mxY0uSppVUUjX
Fast (Remix) [feat. Offset & A Boogie Wit da Hoodie],2xKQj6P0TgxBVaRiojP2s2
Three Point Stance (feat. City Girls & Megan Thee Stallion),5g7pNBb6ySnFUJknKiCkEE
Wigs (feat. City Girls & ANTHA),7swFgLy1v4he4fZUpIWwiK
"Baguettes in the Face (feat. NAV, Playboi Carti & A Boogie Wit da Hoodie)",2zjGJ0dChMR0KxBZS15aqo
Sunset (feat. J. Cole & Young Nudy),3pZO6GoVPeSYDxxsH6vCdj
"Costa Rica (feat. Bas, JID, Guapdad 4000, Reese LAFLARE, Jace, Mez, Smokepurpp, Buddy & Ski Mask The Slump God)",1MJYFJ2igOWZpTo2kDcolx
Party Bus,2RPNu8WTEHuInQJqRYDlWA
Bang,4WstRtdgYjwPvpCekgYAhs
Wiggle It (feat. City Girls),4vfsh1GHqHZtTlkusq9j5E
Shotta Flow (Feat. Blueface) [Remix],67XyC1GdSkKb9sbRRkUDXS
Ready Set (feat. Big Sean),5wlwbEGB1y9nov8qj3yfkZ
Perfect (feat. City Girls),1M5j2kkogO78mEsROrTQak
Wam (feat. MadeinTYO),4uU6WpUiOHLxMzXD7eVzyK
MAYDAY,7J2DtwsxdoyrhgNV3Vzmos
Uno,3AEgic4yp82NxMWUjHtxnO
Hot Shower,00ko9WaS4jOX1kEk3gvHjf
Single Again,7IP0lO9tHfNwBWZ9X6TJ84
Intro,7tbyiwnLhtKYXNMjCZ60BT
Love Me,7Aem1fAapTdGcHwAYyQYU4
Hot Girl Summer (feat. Nicki Minaj & Ty Dolla $ign),5N1o6d8zGcSZSeMFkOUQOk
Bussin (feat. Lil Pump),4eZKAB9uNMIG0yNri34PBp
Mac 10,4e34Qq2lkp92egwgjacVcT
Ransom (with Juice WRLD) - Remix,5DSfqrLkUHLZ9bW0SS3rVy
Bad Bad Bad,1GeNui6m825V8jP4uKiIaH
Jet Lag,0AUurCHJ6A8Ua4yXyKXNuM
Won't Be Late (feat. Drake),2sqsNXfN0HtgDEgaHXiUTa
Juicy,7qvsl2pYzrsYgPeFBN5jxp
Did It Again,01Qb6dN5suQNu87VJ1mIpf
Panini,6fTt0CH2t0mdeB2N9XFG5r
Pose (feat. Lil Uzi Vert),6e9biVAugkOfydEN8OiJpi
So What? - Episode 01,2JRo1DJhNhZWs1TzrPNOSZ
I Used to Love H.E.R.,4TboAbE2pCUUB0fk6Q9rUU
Da Rockwilder,4anqYZt4APNlFwQixpbdZR
Break Ya Neck,0svl7cK07gK1ia5ainczU5
Crack A Bottle,4dK00wCxlqWEeN8BoM1BHT
Can I Kick It?,3Ti0GdlrotgwsAVBBugv0I
Mind Playing Tricks on Me,63BokRfXSQhEU6Qi2dSJpZ
C.R.E.A.M.,119c93MHjrDLJTApCVGpvx
Damn It Feels Good to Be a Gangsta,0HOqINudNgQFpg1le5Hnqe
Player's Ball,1RXEb6UTxJ05RffnAWfUOE
Electric Relaxation,0eEXcw3JLVXcRxYrVYMy68
I Got It Made,68DGiGtJrVcGBeOf5UNpVz
La Schmoove,2WM2CK6rAf43NvHxGwWUo8
Lost in Thought,0VOhoc5CtyjYLcCWy1Ds1t
Wu-Tang Clan Aint Nuthing ta F' Wit,24vNw0Z0srb4zYXwrakw8E
Protect Ya Neck,1Sgj10byiGzPpI2IrXSFEn
Funkdafied,29VrHhpC5AS9b7XJYDPhqb
If I Ruled the World (Imagine That) (feat. Lauryn Hill),5PQmSHzWnlgG4EBuIqjac2
Full Clip,30oTS7bm0aH3p7lqjEIu8q
Always On Time,4hrae8atte6cRlSC9a7VCO
"So Fresh, So Clean",6glsMWIMIxQ4BedzLqGVi4
Wait (The Whisper Song),5Y78yINSOCW6xbOfGWNBg4
Put Your Hands Where My Eyes Could See,1NHwvBmrUje4L1dxfWnXCH
Twinz (Deep Cover 98) (feat. Fat Joe),0B8drtTSp68pZdkmVrG9ZA
All Eyez On Me,2xTft6GEZeTyWNpdX94rkf
Gangsta Nation,65iyI1iybyv5ecsfBHSdUf
Live Your Life (feat. Rihanna),3jlbL2OTD5YmIunYzgQTAN
Sweet Little Lies,6ZahaGPhyiXTi1pLEtGM6e
Throwaway (with Clairo),3TTWpDAiJfyoJDd5v2F8C3
3 Nights,1tNJrcVe6gwLEiZCtprs1u
Love Lies (with Normani),45Egmo7icyopuzJN0oMEdk
I Just Can't,4Ux0Y0eQYv4HJPvuxioosx
Riptide,7yq4Qj7cqayVTp3FF9CWbm
From Eden,1yi8EOTpKeVK4cj5HS8DRp
Mess Is Mine,7BVwi9cIzSc6tpyxsp47vJ
"Welcome Home, Son",13PUJCvdTSCT1dn70tlGdm
Close To Me (with Diplo) (feat. Swae Lee),5JEx7HbmvHQQswJCsoo9rA
Sucker,4y3OI86AEP6PQoDE6olYhO
Rewrite The Stars (with James Arthur & Anne-Marie),78nplE9X2ZGvQh3TKgvldE
Love Me Less (feat. Quinn XCII),2tOOcDDYkh0PSjr6GwPEAJ
Boy With Luv (feat. Halsey),5KawlOMHjWeUjQtnuRs22c
"Hey Look Ma, I Made It",22oEJW6r2rMb9z4IntfyEa
Way Back Home (feat. Conor Maynard) - Sam Feldt Edit,1ZLrDPgR7mvuTco3rQK8Pk
True Colors (feat. Maya Avedis),4AMY0oGSt7vZwgxDnHCJBr
Rich & Famous (with Isac Elliot),5zjesnnX1y2PkYKNZl5Jl0
Sweet but Psycho,25sgk305KZfyuqVBQIahim
I Don't Belong In This Club,45ZGEdLxCZvdMX9jWlsAAx
Polaroid,1wsLHgXJ4SKIfd5ePSX1hD
Meant to Be (feat. Florida Georgia Line),7iDa6hUg2VgEL1o1HjmfBn
Castle on the Hill,6PCUP3dWmTjcTtXY02oFdT
Somebody,6iMoJ3UdrO2ZjzzcaN8Eom
So Am I,0uUNN1nSoUx1A4fkDCWDQ7
Grip,3gicyfiEVMGONgzygpWjNT
Masterpiece (with Felix Jaehn),2CLB3YjyYcuWVckL9pCm1i
This Feeling (feat. Kelsea Ballerini),15kQGEy89K8deJcZVFEn0N
Lost In Japan - Remix,575NJxNUVDqwJGdzBrlLbv
What I Like About You (feat. Theresa Rex),4NSW0Km5ZG60L8FthUebPJ
High Hopes,1rqqCSm0Qe4I9rUvWncaom
Sixteen,4PkIDTPGedm0enzdvilLNd
The Middle,2ARqIya5NAuvFVHSN3bL0m
Happy Kids,3nVJ4tGeLFR6HUiz3e7qAe
Only Love,7DSBxP0sGTuEb249LMJSLY
No Drama (feat. Craig David),6IIOcnq93QAaKeRX1cs16v
Don't Call Me Up,4QjVfuu7om31HBan0jlX4p
Paradise,7njKgVl3AnLflRad38o7AG
Rescue Me,0mjAU3yKR1QnXnHtjGJqTM
Never Really Over,5PYQUBXc7NYeI1obMKSJK0
Bounce Back,5KPKjcE2trO2hBWRzkb2Mo
Bruised Not Broken (feat. MNEK & Kiana Ledé),2ak79ho44RiDi9DFrqYgfq
Don't Call Me Up,5WHTFyqSii0lmT9R21abT8
You Need To Calm Down,29fRTIKsJhLUJoldM89GZS
H.O.L.Y.,625SfHM2FVyyUj3cT8108G
Just Us (feat. SZA),0BnTBAGmr9FtYwkZrwKhwS
Only Human,0DiDStADDVh3SvAsoJAFMk
On A Roll,56JyMaElW79S7TDWh1Zw1m
Bittersweet Symphony (feat. Emily Roberts),6sYJuVcEu4gFHmeTLdHzRz
Take on Me,2WfaOiMkCvy7F5fcp2zZ8L
Feel It Still,6QgjcU0zLnzq5OrUoSZ3OK
Be Mine,2KklXplRtxMsBYo474Es0w
Runaway,7BuSE9uTIw931wtZYzvZcQ
Mad Love,79JBjIq90BrQ8Ws0pUhlzD
I Say a Little Prayer,3NfxSdJnVdon1axzloJgba
Dance Monkey,421leiR6jKlH5KDdwLYrOs
You Can Call Me Al,0qxYx4F3vm1AOnfux6dDxP
Play It Cool,1qlCjzyib3wt99XKcTeQkF
I'm Yours,1EzrEOXmMH3G43AXT1y7pA
Love On Myself,4KmfgzXQ1trtD2eY7CtUAP
Sex on Fire,0ntQJM78wzOLVeCUAW7Y45
Black or White - Single Version,2Cy7QY8HPLk925AyNAt6OG
Anywhere,7EI6Iki24tBHAMxtb4xQN2
Harder,2b1BwUGGyKq0CoJd8G1B6M
Small Talk,4NmE2ytXI8S2svTRSmEdpO
Uptown Girl,5zA8vzDGqPl2AzZkEYQGKh
Summer Of '69,0GONea6G2XdnHWjNZd6zt3
Drops of Jupiter,2hKdd3qO7cWr2Jo0Bcs0MA
Walking On Sunshine,05wIrZSwuaVWhcv5FfqeH0
She's so High,7mnGQesk1TzQLzQ9bYWZPR
Send Me on My Way,6hs3SDnbO3f6VQuPO4KBEb
Don't Stop Believin',77NNZQSqzLNqh2A9JhLRkg
Girls Just Want to Have Fun,4y1LsJpmMti1PfRQV9AWWe
Your Body Is a Wonderland,7vFv0yFGMJW3qVXbAd9BK9
Wannabe,1Je1IMUlBXcx1Fz0WE7oPT
Red Red Wine,4uOKFydzAejjSFqYbv1XPt
Under Pressure - Remastered,11IzgLRXV7Cgek3tEgGgjw
One Week,1C0pmryC2MdXfa7MZ9uIrU
Baby Love - Juke Box Single Version,5uM9zdUz8PpYJME9wZCM4W
Respect,5AoTuHE5P5bvC7BBppYnja
What I Like About You,6NdcSEhpGGAYXNnnhGS2s6
Mr. Jones,5DiXcVovI0FcY2s0icWWUu
Dancing Queen,4NtUY5IGzHCaqfZemmAu56
Two Princes,4ePP9So5xRzspjLFVVbj90
Beautiful Girls,1hGy2eLcmC8eKx7qr1tOqx
FourFiveSeconds,78TTtXnFQPzwqlbtbwqN0y
Trip,6CTWathupIiDs7U4InHnDA
Youngblood,2iUXsYOEPhVqEBwsqP70rE
Me Too,3KwwE4sgCzMaKWq6QBebmX
7/11,02M6vucOvmRfMxTXDUwRXu
Look What God Gave Her,1HY7Ze0NWqDJkl4g4MV62Q
Living,54K7AZoGpQklpygKrxZlKN
Make It Sweet,6Q6pcWl4SZmI5G21PIhKUG
Beautiful Crazy,2rxQMGVafnNaRaXlRMWPde
God's Country,1dyxS3YzBbL0t8rEVwVQ1K
Rearview Town,3yHTTHbT058Ow0favhZO38
Beer Never Broke My Heart,5eDvChP4WAPPrtaQeI9MhT
Whiskey Glasses,6foY66mWZN0pSRjZ408c00
Love Someone,43CFDpciGFDm226POTLEXU
Remember You Young,4xxtIlyBGFtkZLP2vH3rza
One Man Band,3ksmU0DaEUMEVzx5V6cc3z
Keep It Simple,6SzCgkimMZ97h2GluSWSzd
I Don't Know About You,3yOs8FffuG6hPbzQG9lIqV
All To Myself,0uSGTaHms9ceAxb7L6VLrU
On My Way to You,3OjNkFFZavF89xvRqWCXmU
Eyes On You,5AnSllIrgGsCZzZJkVnApx
GIRL,0u3zalSKQIUJ0foEGILmxe
She Got the Best of Me,698eQRku24PIYPQPHItKlA
Can’t Hide Red,2h8szyWmfavIbiWm0KWpB0
Miss Me More,6HdZquZOX4YcDlAP7GKD2A
In Between,4bZsLI9lZgSu3MN99kDbic
Closer To You,7xELq8WliIctkuvWXONX6d
My Miracle,3yNuWBImT0geeISSCMbE3p
Rumor,56eGOeSsqdg3FLxdo83TwV
Knockin' Boots,6ERR6e7h6wCqGoz1TjiUJb
Night Shift,0bPnT6i9H1p8Vd85GS6Z7I
Thought About You,7kCXmYJeltdnCMMsfwaCsf
Brand New Man - with Luke Combs,2dr4VQgKa9PecPN4a0sFln
We Were,6JOeNbZ3X6dtXusG3hkHn8
Some Of It,3d1qN7AHge6BXuVPutcpI5
Love Ain't,6uVzeU47Qzg0rrMneP5BNg
Raised on Country,6voi5xnLs9JKmWG2oLmgDU
What Happens In A Small Town,3g9OCNXY2aSbGRQGY17qVE
Somebody's Daughter,7GW2dqJ13S3UutqzSuvzlR
What If I Never Get Over You,1kqVSbwdlNKsPGv0aehcAZ
Leave Her Wild,5cuYa1jn3hohHZJCGC0B7d
Miss Me More - Summer Mix,3ECMpJCiC78O0w5gpmTVVk
Beer Can’t Fix,0g0d7TYam9svE9sZKDVyOg
Even Though I'm Leaving,3sVLgsSTHRu483w6QciloO
The Ones That Didn’t Make It Back Home,20vIaD2DFOxGqDvN0dlMEH
Southbound,7qXPZxXn6Xmv1sjh03skiW
Prayed For You,1cmnChE57SpRJR2oFNcTpv
Refrigerator Door,1b0YOwtdW5ibaAhHEsbdjB
It All Comes Out in the Wash,5QZFaimQx9Hgv0hZQp9hpp
Tip of My Tongue,40ufL61vEaDaaOitYhnlQ7
Back To Life,7Lr4XaxGpkAwa37IVgg22k
Every Little Thing,4EpLU30bi1KNWkBTfgZkoK
Mr. Lonely,3sEa95MTLJ8JcoP5A97bWl
Anything She Says (feat. Seaforth),6LQxv30jh0lCISHsPYwqoy
SOS,6nDKrPlXdpomGBgAlO7UdP
Old Town Road - Remix,6u7jPi22kF8CTQ3rb9DHE7
All Day And Night - Jax Jones & Martin Solveig Present Europa,33CfD8UkDEcSdAP9j4QpUY
Don’t Feel Like Crying,1oLSje4Ot5qRUq8FqYeXOl
Nobody,2qfEcCkEo5NscA9GL7ER72
Greaze Mode,6gRbkI6s0M7zTE9uhRZUjV
Last Hurrah,0i0wnv9UoFdZ5MfuFGQzMy
Pretty Shining People,2JVwsN6viHjR9t5pCPQ4Br
Don't Worry Bout Me,507tQXutCPYNFkpOq8tmKF
Who Do You Love,11cDEev79fPKi6uJCjUhu8
Late Night Feelings (feat. Lykke Li),7aQeWViSfRWSEwtJD86Eq0
Power is Power,35RDmXJ59YYGNlv1KfTGsP
If I Can't Have You,6LsAAHotRLMOHfCsSfYCsz
The Bones,3npzogdOEiVsieXmmhBepL
Joy,3QpkbrYXtlU3LRJu3sTK6V
Wanting,5B3dsOvy6NjZJclttNUzR9
Conversation,0VT9dnjNWnDi5PNPH6utwE
Cool,3QmolSZqjjLksTUvZJ6pPS
Juice,0k664IuFwVP557Gnx7RhIl
Hurts 2B Human (feat. Khalid),6G28azuVVwYBOmmkGPQFa3
Guten Tag,0SErNy2An0gCpYFRUNWwNT
MONOPOLY (with Victoria Monét),6tsOcBnaKgzK22yEiqRh8P
Location (feat. Burna Boy),3z4CGd63tpUn9a6oQSG0CI
Homicide,0Lw6aQcBFWTQ9m4MSwwwes
Wild,4c7MFVQn6yKatQIIuhRv6j
Earth,2S1LebN6AXXQqJolBxlWgO
Fashion Week (feat. AJ Tracey & MoStack),78KyOmqWmqLkQcXO1cA7MO
No Diet,62ImlYiiE0ZeK9NVftkDfq
Different Strokes (feat. Lotto Ash),04NmkOQFNokd6vHzxNeivK
Your Mrs,4MKM1sU3d3aS23WJsYipdV
Kill This Love,18PergoIrGmRyeYxnaXJN2
Worth It,4XiGKQqbmnMVxDzUj6j3f2
Angel,4pjcxC0qgXWZWmcBjzn1az
Jenny of Oldstones (Game of Thrones),1u0THw5xaGd7sYzJEh48Lt
New Money - Geko x French Montana x Ay Em,6NfEnXqB08Rw4idcRhu8MJ
Undrunk,5SHhPFh68OhUmuRPymKX9d
Tough Love,4XZxalvnG4Yo8YZLuiT1kV
Blame It On Your Love (feat. Lizzo),1MfuskV4ODUp14C2dnyPgW
Bruises,4Of7rzpRpV1mWRbhp5rAqG
On My Way,4n7jnSxVLd8QioibtTDBDq
All That Matters - Acoustic,5tAkpRX2FCx8XWQOzb0zBL
Nightmare,340UVheS8z3ncW9TTUhAbc
Higher (feat. Nipsey Hussle & John Legend),6O10oTtZIZ4DkkUqyfCbrR
You Little Beauty,0mKs1tMPvyVVh0Vb25IYq2
"A Whole New World (End Title) - From ""Aladdin""",1iWHabUgUuuKLBa0TzTHfk
Hold Me While You Wait,60iSKGrGazRzICtMjADNSM
Cross Me (feat. Chance the Rapper & PnB Rock),543bCW2ruMPmxUBWirQ3MR
Hypersonic Missiles,4fB1OI42wuC0SirSR64qc1
Ladbroke Grove,7b4ky1LlQLFhXHmhZkFgqV
Arcade,1Xi84slp6FryDSCbzq4UCD
Inglorious (feat. Skepta),6RjFuqzKb1gByFDiB14MvO
EARFQUAKE,5hVghJ4KaYES3BFUATCYn0
Soldi (feat. Isac Elliot),2aAUB61kjkxtntQ0CkmQyx
When You Know What Love Is,47RJ8UdQChHII64k9u4hBl
Now You're Gone (feat. Zara Larsson) - Radio Edit,1rfNR4mPFYtLKtoZqEo7Am
Find U Again (feat. Camila Cabello),1HpzOCZbNWzxvvXfSGtSrX
OT Bop,6bAirj2qDf0agxdMuIdq1p
Strike a Pose (feat. Aitch),23GvTfcGK454ppLsts3W44
Shine Girl (feat. Stormzy),3uAuSelpsppdSCgnSLPn03
Miss Diva (feat. Yungen),3mTSAVBL7yd7iHAaglXUPY
Dream Glow (BTS World Original Soundtrack) - Pt. 1,4c1WgUnHXq2LEncGHKgj1I
Shockwave,2UnqgtIfVMfZOvCDGZuUMI
Crown,1hxE8xAp7CrBsdpiRpiWFy
Fake Love (feat. Yxng Bane),2BCB7BfbOxdRrIrzf8qLh4
Good Love (feat. Tory Lanez),5u6o597GcbXH20H3LeVkHP
Ban Drill,4qy2jqC6mThGscpYxpNtax
I Think I'm OKAY (with YUNGBLUD & Travis Barker),6bWBLZLBRQEJ5KsLicouNB
Drive By,0vsrvBFFKrkyBWzrKADVkT
Pop Out (feat. Lil Tjay),6uFn47ACjqYkc0jADwEdj1
Sanctuary,3xaugmCyXrVkrDTXbFkMW3
Hate Me (with Juice WRLD),6kls8cSlUyHW2BUOkDJIZE
Phone Down,2bkafQf4LKDOQcK2qlyYU5
All the Time,3OTSBoYKO7HzGVj8Bu2OH9
Outnumbered,6UjZ2Yx2g2a52XxiA8ONxZ
Kilos (feat. Aitch),2LA9gKY5t2kx4BY5GSy3Us
Pieces of Us (feat. King Princess),0fQf209axFXyMsV5pAhfzf
Lalala,07rmSXN6vNoquX1AsWd9pP
Mr Sheeen - Digga D x Russ splash,2H3k1TAcWxtdLJ3wSOQng9
Mocking It,0RUDJdVNARn6zOGYC9EHFO
Castles,3V6BdKbbmSZhFiqgxcXq6i
"My One (feat. Tory Lanez, Kranium & Dappy)",3zgKEF4I4ILmTTSBvtiRlJ
Goodbyes (Feat. Young Thug),2RybgcXW3bHa8AUC7mDhmS
Leave Dat Trap,5vR65o6UhwcmQqaNtLzNOX
Not Today (feat. Dappy & Tory Lanez),2Gk3n1M2ZMS1a1j6BPTq6G
Take Me Back to London (feat. Stormzy),1AI7UPw3fgwAFkvAlZWhE0
"One More Night (feat. Wretch 32, WSTRN & Kamille)",3ZpUcsISTSkx1RVC5hhp8u
Goodbyes (Feat. Young Thug),6vBdBCoOhKHiYDDOcorfNo
Back to Basics (feat. Skepta),40HiuQ6ZVkp0QpOXI2QUBp
So High (feat. Fredo),5aubXDnDNVKA5pS7EnR0mp
Gone,4UQeq4HUvC5uPEA9pWTgPW
Love of My Life (feat. Not3s & Young Adz),3wPTI3G39TG3kxR5ybhrzK
I Spy (feat. Headie One & K-Trap),0TJxxb5DmfwwAJndnAuzEn
boyfriend (with Social House),0Ryd8975WihbObpp5cPW1t
All Day Long,1g3ErLqysBJ5EIGdYYMWFZ
Once,3bCwWfwMOpcltYlt17gIRO
"fuck, i'm lonely (with Anne-Marie) - from “13 Reasons Why: Season 3”",322tcqPhma7F6hfCeLisx0
Gold Roses (feat. Drake),4aPB8rSxGFISs0o6V2LrTy
Taste (Make It Shake),3evfXgwjSY5zuFxAHjMW5S
XTC,7CN6ZYIX338ekn7pb2CpQp
Be Honest (feat. Burna Boy),5pAbCxt9e3f81lOmjIXwzd
Both,15nKLSvslk7jntDkxIdYmq
Will We Talk?,6XVQ2jSrYEanva8mFZHr3y
Ransom,1kBbgxAUc4HQv7cgIayIDH
Lover,0bzbvANY6oETSJLc0wlVGY
Motivation,0rIAC4PXANcKmitJfoqmVm
The Man,3RauEVgRgj1IuWdJ9fDs70
Simmer (feat. Burna Boy),4JSEMSiKPVcIEBQIlmGuI3
Ride It,2tnVG71enUj33Ic2nFN6kZ
Price On My Head (feat. The Weeknd),4RbbzNY4MEcgzewYWkIsGu
COMMANDO (feat. G-Eazy),2SDFznsHkeFXiPFwN0npVM
Mixed Personalities (feat. Kanye West),6vWEAOUSxohKxhp0K1BsxL
Civil War,5tmu5pAFHkUSl8Fo8ncyA4
Hear Me Calling,5UYK9MervBCROg8AHNeEIy
La La Land (feat. YG),3TpBefRZ1vFcOH6z57PQRI
Lies (feat. Ty Dolla $ign & YG),7gPHxxAq4YjK7GoLT3Vch3
i,4ZT9FnbFu1PaBfV3itxiqT
High Right Now,18LhA0zBzAa2YnhcN3hWGa
24/7 (feat. Ella Mai),6irE4Fbjbry3czv7mTxVSB
Slow For Me (feat. Tory Lanez),1aSd69BNiOKdT1AUJzsNhN
Toast,3VEpRXloN4rbzNRPSQzZFW
Sunflower - Spider-Man: Into the Spider-Verse,1A6OTy97kk0mMdm78rHsm8
7 rings,6ocbgoVGwYJhOv1GgI9NsF
Flaws And Sins,2BSbCCbaSCzkOEZa6N5901
Rule The World (feat. Ariana Grande),1R6VwZ8TuHRzxZUxe88n4I
Fast,6MjNilJCVKJq0LfFvo5jWJ
"You Stay (feat. Meek Mill, J Balvin, Lil Baby & Jeremih)",5HgjITgf4BjJaarjeiyIxL
Wobble Up,5LYwm0eVFzjfMsKTiDlDwZ
Blessed (with Tyga),5imCvF3VHty1TZ0qaE1JEj
Love Thru The Computer (feat. Justin Bieber),1VsqQEYObJsOPaeZwEXRPg
Paranoid,5C66lHZQzmxJnSPfklujLw
"U Say (feat. Tyler, The Creator & Jay Prince)",0xYlNtVflZPG1pUbk4qp77
Days Like This (feat. Khalid),2qU9ro2FCa4WjFqTg1JFJP
The Search - Edit,4tZDUt8vHpvjfOXcHwOvtq
Panini,68poZGRClFTzLdeRz9X0M2
When I Grow Up,0hWzB4dR1zwcokPvccww0k
On Chill (feat. Jeremih),3TXKwYk2H7hZQFB0j8z4yq
Old Town Road - Remix,6jmZlyf9DxcIoRrjw02YXm
Lalala,51Fjme0JiitpyXKuyQiCDo
Summer At 7,5iVMvLDFM5UBqq2h1ouHoe
Do You Remember,67xBtV07CC73eFw7z5oCvU
Candy (feat. Trippie Redd),37AGgp9VP8TVJBfEat74Bj
Right Back (feat. A Boogie Wit Da Hoodie),6PYnUsNEpYC7A4BS2sjw3L
Amnesia (feat. Ari Lennox & Kiddominant),7LMhHrfftRJVsmNpMnZew3
Girlfriend (feat. G-Eazy),2Dl4B2t2dysNepXKRaiWVh
"Do It When I'm In It (feat. Jermaine Dupri, Ozuna & Slim Jxmmi)",7KnZjHM4BJDfZPFadIP6W0
Talk,6TqXcAFInzjp0bODyvrWEq
Truth Hurts (DaBaby Remix),01jBJGEa9Ex9W2IjkIzuY6
Throw It Back,3qc67Hflqzvw3hShw2phgG
My Type (feat. City Girls & Jhené Aiko) - Remix,5LTdRSQOg63EazLbKZbWn2
Cold War,6DwiGVCgXGREeCyJZtX7S1
Fake Pods,3jfomnmufV2Px34YndRvhj
Happier,2RttW7RAu5nOAfq6YFvApB
Can I Be Him,0VhgEqMTNZwYL1ARDLLNCX
i'm so tired...,7COXchtUOMd6uIT6HvmRaI
Photograph,1HNkqx9Ahdgi1Ixy2xkKkL
So Sick,6brl7bwOHmGFkNw3MBqssT
Someone Like You,6QPKYGnAW9QozVz2dSWqRg
Someone You Loved,7qEHsqek33rTcFNT9PFqLf
Alone,54b8qPFqYqIndfdxiLApea
REDLIGHT - VIP,1b1TQHFL6lSFh8hb1mgiHs
2 MUCH (feat. 24hrs) (feat. 24hrs),6lwxNGjvD1pFlXyNI2h9aH
Exhale,06GeXUP9wtq9ERhjx56Blz
REDLIGHT - Flosstradamus Remix,7GvYheSEpubw6JyUzZWxtD
War Zone,5cNq1c5DqWct55tJ0hZc4U
For Now,0c99BUd87HQfzgUUQqRyds
Let It Go,13HVjjWUZFaWilh2QUJKsP
Angela (Single Version),5kGBSOrKYmhRfdPBw4xD8D
First Day Of My Life,5OiaAaIMYlCZONyDBxqk4G
Survivors - Acoustic,0HE3TnUyHfk9HW09zzbbxc
Do You Mean (with Ty Dolla $ign & bülow),5MvLsT03RBp67RLoeISCdl
I Miss Myself (with HRVY),5YkmS18BehACOhIIeUqe6l
okay,1a0Mg4XPdt4EKsUz5beRZY
Two of Us,3fd5jcZKAzoiivM4ZDwhyU
Girl in the Mirror,2UcK3xgGDxPSyKzKqyPv0s
Enemy,3YOl49rulPzu6LHbeDicuT
Here We Go Again,2TACh2Q1N48RjJkpIrjbUx
"I Can’t Get Enough (benny blanco, Selena Gomez, J Balvin, Tainy)",1WSGTYKLEpKfNQYYW5Oymt
I Lost a Friend,49MMefftWPcltNP4OOJGSs
BITCH (takes one to know one),69oPVTn6mFjMoB3axEejog
Make It Right,6KUE0HSSudAp9AOycaF6SH
Back in My Arms,1FlAMUpKrjY4NdaqsXjl1w
Woke Up Late (feat. Hailee Steinfeld),3qLBz3j26AHO2jBYUQWLA6
Gimme,14BPKhtTkVVTwSfWslRJW9
Orange Trees,4KBUspPHyZPRGa4Zm4NwuG
Get Stüpid,4PMLEEYw4mblYsPlDSHKyu
Peach,5JRMqkR82k2fdDEAim9SCN
Fade Out,20XjdVfh6kFATmgm7T0C5r
Stand By (feat. Rudimental) [#CWC19],05P4BYqVauVxy0w9g6w2D9
One,5C1TucCRf4Vjjree1OItyv
Hurt People (with Aloe Blacc),2fED2BndjHEETxBoZ4xMHb
Afterhours,0bOLcsauquzlMWdaONJPyx
We Were Young,1USj0dJqfBxnOiwiOuB7pU
Speechless (Full),0XPsOSYzDJZJArevQNm2AR
Sad Song (feat. TINI),2JoIjuzRplpYGvvLpSW2on
All Night (BTS World Original Soundtrack) [Pt. 3],70sKIAQgaVN2zWEEyOpyMZ
Left Me Yet,6k2t5GhwOIKep31iyJ8S0L
A Brand New Day (BTS World Original Soundtrack) [Pt. 2],5XkyZyKMdFungjDb9cUKc3
Hate How Much I Love You,2v00WuRHH1WdnXxlHnyURi
Heartbeat (BTS World Original Soundtrack),5EgYDyMDCi8X0zDydTF7Rb
BLOW (with Chris Stapleton & Bruno Mars),6EbduYTr62sSzvl36wWiFM
Lights,44vXWYTcdrejrIQZEoHzl8
South of the Border (feat. Camila Cabello & Cardi B),4vUmTMuQqjdnvlZmAH61Qk
Harder (with Bebe Rexha),5ieQrVW2U70NFMg28mzlqC
Can You Feel the Love Tonight,1zSKtBze2IReYU44W0lDzd
Antisocial (with Travis Scott),1DhRbox3xkceP64k3JeYfW
Time,68Vm2W4oURsPV3121vUZgB
Live Fast - PUBGM,1VUGWjzlqudhTqvhc17miB
at least i look cool,2eLDUK7EkpENZkDL9O5yhz
"Fuego (with Sean Paul & Anitta, feat. Tainy)",660eekzsNZ7sdATvfIsAkR
Lost,7Lw5FXm8nhQPvezIpA6jK5
Freaking Me Out,7uYIX9O9DY6l1D3HiwHR1J
OMG (with Carly Rae Jepsen),2j9YmQRxtjuVwb4XN95oT8
Not Over You,0gr7xzfKDED0mKuv7i5PI7
Bad as the Boys,3e20HtdIlujFpeaM20nAmN
Keep You Mine,0OJN2A3Qyvd7pwSF0AIteC
OK (Anxiety Anthem),5Wdf9bRdfnYRCgfahgpNHM
Softly,4PvbbMYL4fkToni5BLaYRb
No Way!,0yYwS7CXKIPC4kWPvZQfsT
Rooting For You,1spZPzBLYeVTvd0iDWXgC2
Face To Face,4Jw3870ecfc9792hvVb7lT
Home (feat. Bonn),4aTtHoSBB0CuQGA6vXBNyp
Indigo,1sOr5OXjbukTzBDgmvd6Fa
In Your Arms (with X Ambassadors),70YPzqSEwJvAIQ6nMs1cjY
FANCY,60zxdAqWtdDu0vYsbXViA7
Superhuman,4baWaXmm0BFFT3Qe3uSvs9
WHO DO U LOVE?,6YKCEtfZXXyionWJPtT5jb
Uh-Oh,1OBb2wZMXKNmtdyyejLIyL
Love Someone,2JqnpexlO9dmvjUMCaLCLJ
All I Want,1XczdQt6RKNkEQfPqUsi3q
A Drop In The Ocean,5JDcQAztvZTIkrWoZihgvC
Someone Else,2JUaGpCrD8tywgj9MeLFbb
when the party's over,43zdsphuZLzwA9k4DJhU0I
Supermarket Flowers,4VuS959DSpr82t3qBqCrWG
the broken hearts club,5Cv1xqpyciZZuHHR7xr2l0
Running Low,3FN40c3kn4fG46JcrGBYD7
Summer's Gone,6PmhCEPMjhSo9j8hz767xy
Dancing On My Own,2TmLZLv57mW4OA3Il1ULsf
Alone With You,3g2koMSfvsAGKcBAHyFtUF
"1,000 Years",22uyZjmZR0DX8FyrIwQl35
All or Nothing (Acoustic),3GnXR8uG3BlYRjkx9PSAlr
Let You Down,52okn5MNA47tk87PeZJLEL
Waiting,7eClkLWbrr3TorYedzaDkI
Slow Dancing in a Burning Room,2jdAk8ATWIL3dwT47XpRfu
Sweat,0pQlcs8qsOOLphM8laWr5v
You There,3LSY9s9h6RmHRTXOtRA5oK
When The Stars Go Blue,04rMpRstoJt3uvqyNGKczX
Wake Me Up,0ygAYQQy7bfDN6gH640bbl
You Make It Real,1Yw6ViCo3tuufI0Hg4mzSU
Turning Page,4n3Nfa3LhtdwrC9UfplS07
Broken,0Es86fEJ5PMGc4hXuRnrnO
Let Her Go - Acoustic,7CzVAhQeZfTLqNnzdAiqrH
Half the World Away,3tapy5b2W7awg3c3evHnQC
Bleeding Love,7wZUrN8oemZfsEd1CGkbXE
Hello,1MDoll6jK4rrk2BcFRP5i7
Stressed Out,3CRDbSIZ4r5MsZ0YwxuEkn
Look After You,5l6hpyTGBK0LAAxgPnqTQL
Creep,1ytTeSRAU6IRo2itVDwtPv
thinking of you,2pZi2b9U8r20AF0Cf3hi2D
Proud of You,6mRmaBAb8ysO3pcGDaegL2
Levitating,0Ueq7HrYgIzQ8wcIW6Duzg
Far Away,1bW8IKNqSmC4RHihpGaYoc
Fireworks,1GPRmRcadnmINbJlutkseu
Lemon,1G9KON1So2d8r7Mle9RGmv
Sneakers,5JuVNeCjIl3DJbnVf1oeGo
for you,5hgX8pSZSOcKhsvzldsgWy
Sinkerator,7Bj1vOev2wuPhoOZXQbHAb
Protected,3w1lXjck7zcQaacezavnJw
Sunlit,4WhFfWqkjp6rgVZUuhdHZW
Voyage,42GhletESlrhyhtFkjkf6Q
Both of Us,4hnhSZTKf77tZjOBjzL5BM
The Dream,1C4bLgUJIKJroNvSU0hz1R
Meadows,14g97mcfbz1G8fVGvPKDWa
passing,0xn73zR8yky1wVZv0hdvVY
Interstellar,7BEA0aIXF1nTvOK9zVcVkm
Hindsight,4rPiaKWAzXGAGyegrPvJwQ
Fall's Echoes,6e9PEl2mvN7I9sflyuBfv8
Afloat,4XDlW5QgLKZupaJ5VvacsP
Jungle Jim,3jyYbFK0RKKVy7JWoBrefp
Faces,5n16dEoZ1OwdpqOIK13m1X
i wish it would never stop snowing,5nKSxq2yNgQLtgzqJxPn41
sorry,5wJmmRVkx1dfghYHOFjT8n
Away with the Fairies,6Yp6bCLd4IWur1yL2Xirrk
Joan of Arc.,2DrrxuNOhnpqJXLH36eR1S
Murmuration,4pI7VTiN59CZnGJUgVZPoy
Crossroads,66z8EZXSd2VKGHlHX9DZSx
Swingtheory,0LWlhQwduzn48itDPT2yY8
Almost Home,3pGNBm0zULLn7K9Vvxjjz1
Don't know why,5veDwfLOlXmBuhIVm3RSZO
Yesterday,3JdcRs53aBDG20OiPBJO9g
Home,1HotUdQCsIp0MCnhxjMM4d
Perspective,1yrZp8B0mLT18RuZccaDBJ
Mindfulness,0XTRycTWH8TR2xBEjwByNS
Flunked This Semester,24Ls3YpU0IjeWUM6ws2yaJ
Marmots Dance,7f0yp8R3c26SxsnUftN1iG
Clocks Forward,3DXOgShDK2FK1nUM6NeGnL
Birds,4k2oxzFZmfw1KXQAwSGiJe
Far Away,1lyjTYNyeHiUdEfthHCT1R
Morning Dew,6LldfZLHQMlNYLG19mDR6x
Where I Met You,2AuHTUSBMMNVHeO93a6n25
Hideout,2B2DoTt6xuP1NrR7pKZBR8
Drive Home,0E8IUQ6U20nbu7ErUSQWEE
Daydream,4KMvfofdk7H9eMijiOWYag
Vent,3wJTCCMHtuOdDg4fJzkd0i
The Finish Line,0GKi4sPErVwTzruhuqoDvb
I Wish I Could Sleep,08lctzE8dgIbSfyz84XHNr
LuvnYou,3hHlNvlnK6MUo4wuX0JLKN
Green Stamps,45P8cJFQ2YNQm4MMTqsu1d
Sandalwood,6KykddnA5NxNkaip0LEpgG
Float,0UJiQPwXP0wQD2WEdR28ar
Bucket List,3rJseeMbvzjmFMTovaILOL
Back to Life,1s3YrMvvEo4BADEelWfugR
Your Favorite Place,0ONn7t8x49V3tOR5ZcIrpf
Patio,1Q74IYVE67sUKktSFIm9Yr
Moody,1rsEvWK5fLi4RABG2V9hWw
Wavey,4gkkFKQmg62Duf8stkSptf
Breezy,19CkP6Em94srUmy0Dv61tv
be here now,0xOlVRUewjWRZqyYFdOr7W
Pero Asi,2BaWEDerOWY1ShD3rpqgWv
Walk Me Home,7DHApOHsIFo7EyfieArYGE
Get You The Moon (feat. Snøw),4ZLzoOkj0MPWrTLvooIuaa
Perfect Duet (Ed Sheeran & Beyoncé),1bhUWB0zJMIKr9yVPrkEuI
Million Reasons,4uhlD1p3hKRI9PLH8qX0fn
Little Things,7kSLdGdXLey7pzLsWpdg1h
All I Want,2jTidefcsTu6VQhpIImJrt
Sweet Love,10QFM1yWDa84ccxsi8BZJi
Beyond,5esPpmrM2AsyDVgOKzWQwU
Ruin My Life,5tAa8Uaqr4VvA3693mbIhU
"Never Seen Anything ""Quite Like You"" - Acoustic",018Idkvf82hi44UZmIXiGB
All These Years,4XLu3tTSZiPFVC9mmuR6Zp
Always,3MQMBm2m3UqpT23doEOZc2
Heaven - Acoustic,6iianeJmHrWZEjYXYKlAPY
Stay Awake,6iey2E15nqKQ60KW8vBQQi
Unknown (To You),2yys44g1Jx5chbPxsdWklY
With Or Without You,0tP5ogrxKrIPKHHc0seuOr
If You Ever Want To Be In Love,02fZLz9BmmOKb5wkueM9D4
Love Me Back,6D8WgDaIuyirn6egGauzVK
Space for Two,2vNyWYQtbrgOKcSG64SZMJ
Superman (It's Not Easy),3TwtrR1yNLY1PMPsrGQpOp
When We Were Young,0cj2joJcY6b4XSRfj2eZOl
This I Promise You,46n2EGFnPC3tzWCN1Aqe26
Collide - Acoustic Version,5rwq6R0Uq0BngM3rdmCeNg
Let it Be Me,12PJCkZit47Sr3K705SZIm
She's The One,4lO57zZGFcj7vSY4QhfVDq
Poetic,3qrGBP34Bs417sDwlRojz9
One And Only,4I3KMa9p00MJwWbT0vi5iX
Lay Me Down,5Nbe9vDQ1YJdreVIlhZEpP
You & I (Nobody in the World),0uOWBM3wtPkcPWRZIX7tej
Like I'm Gonna Lose You (feat. John Legend),3aD8cLO0ZZTLoHwF4pTu8d
Marry Me,0VZ9xPNa6ROafP6GYYuv2S
Say Something,6Vc5wAMmXdKIAM7WUoEb7N
Acid Dreams,3XEdqQtGHAM5huMrs3RaKN
Real Love,1Udy17gjGeZPNdmmcLjl7L
Thinking out Loud,34gCuhDGsG4bRPIf9bb02f
The Night We Met,3FsBtu3gdlfZjBLXyDvmj1
Baby I Know,4JJqbtQagIxuemSxtPyMpk
Breathing Underwater,4n2eqW2yhgRimam8czpH8j
So What,22Ckl8uaVR71UMChg6NLRQ
Don’t Feel Like Crying - MK Remix,7m08259Q5tSlCoHKq0l5AL
Favorite Sound,63ZtaTHM7Cu3JEca5xrWi3
Hold You Tight,3bn8sZpuyDnDt1LmeUlybV
Forever Young,6IbTS0IujM8YVkismBljXT
Make Your Move,4cuJbDiraxt9AsEeevmFuQ
Praise You - Purple Disco Machine Remix,6LCrqs85q61pfZCXYvW63B
Up All Night,5RugEn59RTnWE4IM4uBaC9
TIME - Alesso & Deniz Koyu Remix,6EHfy60U5dH5QJcQKdbNPQ
Let Me Go,6AMTaIegKW34fmk92HTNlz
Peace Of Mind (feat. Vargas & Lagola),6ZEYvUSgON3J5Qe1RYi3Jo
Best Friend's Ass (Dimitri Vegas & Ariel Vromen Remix),4FIlPJYhyMafKzcqweFthH
Room to Fall,7jrsF9BVnUislifkNsooPd
Where Are Ü Now (with Justin Bieber) - Marshmello Remix,5ScMaEiUXf9BATTbDKNFq8
SOS - Laidback Luke Tribute Remix,5hto62Fug5EIKsC3QxoaVu
Children,3482GEXcISrZRWMr0DRRre
Summer Days (feat. Macklemore & Patrick Stump of Fall Out Boy) - Lost Frequencies Remix,40QGTn1WwXnMmNnYpY1mQl
Great Spirit,6FzjJPwf5JzzFOei7h6Qrp
Small World,4YywWJE5qX9YnvIrRqGCZr
Gravity (feat. Laura Korinth),30WnQsvwFeYEd9k08vV7Dl
Hold On (with Georgia Ku),5Cevkgj9FyNRFIwY3xSCn8
Island (feat. Nevve),3HKiR4t12GW18bnPUVhx5l
Ultima,4Bh5r6syfTaPkGZFRD2ZFj
That’s Why (with GOLDN),4HQwS0eDQ57zOER0fp7DoD
Don't Give up on Me,0wO6oeF9kMp1FuIUe1AGWZ
Lonely (feat. The Rigs),1CLU9Dv75foPZSBvdXyWnD
Crawl Outta Love,6vWk151OrbHfKe4D6Z6tdV
Without Me - ILLENIUM Remix,4bw3ZyWA1ui0Adu285NWDl
First Time (feat. Dylan Matthew),27YD36FUikKxbp3bKSiKGZ
Shelter (feat. Melanie Fontana),5dvLfEjvGwmeaUYMGPcSoD
We Are The Universe,6RQsjEGimiYlekyOInMA1t
Room 1.5 - Radio Edit,5pNtz0lgqQbUNlu0HyxhmM
Juanita,6MEeYEu1kOWewEKwmHC35I
Sojourn,1CxvAJLpvVXPt9lABVCwDC
Into You (feat. Karra),4WB71xElxEr4h92Mth2cF4
End Of The Night,46n9OJc7LOIVdj8t2l5WA5
Keep On Lovin',4DXjfzDxkhD5eYGk03LoA6
Collide,33MPHjCW6aRzdhh5R0xHvS
Energia Boa,5zhxllxorvOwmfWJv53aCy
Baila Conmigo (feat. Kelly Ruíz),4Clmg1g8n2yBYG13Z1oSdG
Eastside (with Halsey & Khalid),0d2iYfpKoM0QCKvcLCkBao
Don't Kill My High (feat. Wiz Khalifa & Social House),0hK0PTJdd4Jx6Ryl4t8jTi
"break up with your girlfriend, i'm bored",4kV4N9D1iKVxx1KLvtTpjS
Speaker (feat. Olivia Holt & ZieZie),6QuMW8fEXeSqmD0R9ihCJX
Save Me Tonight,57e4WsTr1CQjKqMkeuAaHS
my strange addiction,3Tc57t9l2O8FwQZtQOvPXK
Hey Julie! (feat. Lil Yachty),1jkEorRvoRQNo1WZfD1X5q
Stay Awake,6HZLMsw7ZdObf3Jk7lKAMX
"Heaven Can Wait (feat. Sia, Diplo, and Labrinth)",2VDTgXwf3F6kcpX4HI0BKy
100 Bad Days,7Mpy3FMyXnYc7tCAIPE2fO
Who Do You Love (with 5 Seconds of Summer),0u76qSAbFZPbOsBq5lIixm
Never Seen the Rain,2grAr8pWMuLWn8ZYEE9wDV
Caroline (feat. Polo G),35bvqTyiE0CDJTi1sG53N3
RICKY,7K0iidDYDudSm9BoSt901M
MIDDLE CHILD,4AEzAEnbm9uRgbmTdeI63K
Stop Cappin,16YQkGOiqsATntjuZCq52X
Pure Cocaine,577YBGuskWkVDCxZrLRB4v
Lost In The Sauce,5CAGiAHR29pJX6fAMVKa3F
Faucet Failure,1ThmUihH9dF8EV08ku5AXN
Ruthless (feat. Jay Critch),6pbFJUa1z4wsd20WmTjHGn
Same Yung Nigga (feat. Playboi Carti),1q9jq5X5vwmewjOa2mHtQ1
Make Believe,6eiztdXRkooWsBt2xToMWI
emotions,5CRXf83hn7NVeWEs7rm63m
Bacc At It Again,2biNa12dMbHJrHVFRt8JyO
Devil's Work,6XH0KeCZ0nRysAeSJYRFFg
Still,1T2il1O4C2Rh5xLgW19vio
Have Mercy,6fIMvZ2JA9kuQG8IuDgWMM
Proud Of Me (feat. Young Thug),4ETgPn8Pc9ljGSLLuvWonJ
God's Warrior,6UfcCoOfVmDUpw34ovfXtC
Walk (Remix),35l8ivgXiWiDCv7TCZ50Da
Move It (feat. Offset),6hgEAYd3CimkLdOa4VgwTw
Mister (feat. 21 Savage),7BpxBMNYNYguGWZZk2zOKe
"Coast/Clear (feat. Joey Bada$$, Flatbush Zombies, Kirk Knight, Nyck Caution & Issa Gold)",1MLGi5JL93ft1He0NrmDq5
Brothers,3OKjDHmSJVKOn6V4hCR8bq
If I Tell You,0dQO6DOVHvrfl7DQwO97RE
Beautiful Disruption,6OklkKdVHtwMgBuIlHFiSA
Back Out (feat. Ty Dolla $ign & Dom Kennedy),4yvi0hbbjr8FuCxDdTnO4J
Hello (feat. Lil Pump),7HNhyjMiTMDDDJixTS0yn0
Gloria,4I5uWfaZIrkKCHrbO7eLMV
Unjudge Me (feat. Moneybagg Yo),4oV9EnNYheczqyY7bqareU
Realer,3qVNNJ7f9RQeNR4iPIeS0c
Places + Faces,1iTbIO32m3hmY8he7gkPiy
SPEEDBOAT,4pUPQdgJowFjxb895tr437
AUTOMATIC,2TqfASuL5JRds7bJX01PdZ
Love Me,2BfpauGLjSrXfsplJLMli7
Joke Ting (feat. Ari PenSmith),7K34SxFo620JWLO8BrxkFs
Pop Out Again (feat. Lil Baby & Gunna),2VIMXmWUIqhMqg6h5FOFPG
G Walk (with Chris Brown),4E08gEca6avoGx5SS4MM6T
Kitten (feat. Lil Wayne),2bdlLruRouA0GG5UnwE9vW
Bad Idea (feat. Chance the Rapper),5u431x19PX588bk9XGlwN8
gone girl,6G0FACzGN80Dj2v4ass5rq
Baby,2nKYHpmwjLaEOXS3o7QMiz
Bussdown (feat. Offset),2RYRhxFeiiMMJPUZZiNbfR
Pose To Do (feat. French Montana and Quavo),5WkyhmqrQT8iGq0Y5VMa4a
The Relays (feat. Travis Scott),3tA12hlBltPtw6ArshsopB
Floor Seats,5eowjdonKBB0sBT3gJpl0t
Come On,6aiH3vzf6KPRsJbiGaJR3A
Bougie (feat. Meek Mill),5Vw93DRw0NYgrBjzdMG1U8
what is real,61StVXD7XDEeVBBdnvmFfM
Broke As Fuck,1faIb3PPSzEifCHUOJ691R
LANESWITCH,56Sng0NtW0YYy4Edtpybm8
Tribe,7EsOC17ZvOqdfMtMg57swq
RNP (feat. Anderson .Paak),4vRaGGiQN6l2LiQxSFg6ZP
Shawshank [Feat. Tate Kobang],3LfJqKVZjV32xmnJC2kNUC
24,3sufgB1pM6cLtCtFWgqQAH
I BEEN BORN AGAIN,5fiR9Dy9hNXEPZOLo1kyNb
Die Slow (feat. 21 Savage),3OIEEwH67H60B6HQLLaZFK
STP,4wO6OM08BQPGtX5LyXdOkT
Shea Butter,1ihqApqxH7mSji2j3t4knV
F.N,0UPBidRYcgJ2mjZlk08V8x
Toast 2 That (feat. Freddie Gibbs),5NfNMivWsKYBw3KrHfwVXj
CABBAGE,6iyhnv7qFsWHNv9zTSqtUw
223's (feat. 9lokknine),4sjiIpEv617LDXaidKioOI
BOY BYE,0VqC8QZDK6mkEmfcwX77Xe
Anonymous (feat. Smino),2LWDBGSvTl9TjCVQKC2YgO
Ice Cream,5eF0BDkrph145TetXlm7ur
Reverend,4BYPnNTZkGpnd5Odm2JFpT
Waiting For Tomorrow (feat. Mike Shinoda),27YP211Rr8RezhiFVDLFI8
Symphony,1iaLcGW8ffLMPFSLSGn0Zs
Alive (feat. ILY),55Tom2dk5sMx1UTJPiTUbX
Wildest Dream,0TgSQ4AWBShqMjYww6D8Yf
Anywhere,1sgOeFTCjl8Mi2bLZOMqIY
High on You - Filatov & Karas Remix,29HngRNSQ6OOqDmFuGdgpd
Won't Let Go,4LQpxVBNvFI1QC9Q34G2sl
Adagio For Strings,1RvDsjCBDTES3lPiEGNNMY
Stay Up,0yHbRupKbD9LF7bHWVGyzi
Strangers,5CXmbqFE0mRXOYXgEze8q3
Million Lights,0MTNn4zNL9sgy5evzyuh71
Unstoppable,3T2ibiKCatzkbTnn3hOyyQ
Jook It (feat. Richie Loop),0kzIXCcyEAM4C58reHXnOm
Electronic Memories (feat. Mickey Kojak),2viJufnGlsjR1X51CEHpeg
Source,0K8tVfNLsVbYrYdNYmWqAa
So Good,1g48BGyhn4C8TSm5OMiD3I
Where Have You Gone (Anywhere),3zECQWhwAEydeK9jUTPamo
Say My Name (feat. Bebe Rexha & J Balvin) - Afrojack & Chasner Remix,2Y6I8OVTgvz1Yuch4oQJcO
Sweet Dreams (feat. Kaleena Zanders),4BKlUinuIllRwKce1DAY0P
This Feeling - Afrojack & Disto Remix,1zZ8DfrLf4fQgARxIKOs20
La La Light,3mQKWiSQjMKNEgBo20GAOb
Sensational - Zonderling Remix,5ZfmcScnfvdBG2o3CuMWPC
Selfish - M-22 Remix,3Id3L39kmlEZCgSrfOtKwQ
Ups & Downs,6zrkWFn28ep82mbAXsQn1k
Long Way Home,1zZPjx3m2M604sI7GpI2ZR
Walk Me Home - R3HAB Remix,7wJFBZXG4AFQS9YwBQLkqL
Someone Like You,0gmQSIM2zqcVm9eKm8BkQm
Letting Go,1S7hEPenrIVKVTuEjtXKz9
EDM Sux,6AlzF33SOFB8vfrmABo0jV
Let The Music Take Control,2ItO4ZVCtwEHuLL6ygajGM
Fire Blazing,2R81XYNFqkLyemIxYb9aF7
Rescue Me,7DP18u679fMurjsUxuxMHu
OK - Ofenbach Remix,1iPWXMClLL4AZtBuMD0lh3
Mad For It,5LLj8FOkOpBm1zSEchjVlS
Wish You Well - Benny Benassi Remix,49jQjsgh1bqjLW1UXGPIj2
Dilemma,03druhrRJ5f3MJYg38NF2c
How It's Done,5UOrIrENTQk1jwIKSiVZMl
Forgive or Forget - R3HAB Remix,6bERyJwcB3qHDZMnT6Wy9p
Story Of A Violin,3JjPOBCCKmvtgSsVIDqFDl
Losing It - Radio Edit,2KXwJZv1pRQFQ95Kj60jBN
Children Of Today,2106G7MY2XnVyqij2bJVGH
Unity,02q7qbOYbE89NMFEtOklcc
Icy (feat. Gucci Mane),5sCwso3aURYAdieWEFI1nE
Blame It On My Youth,5VYRZ0PFFpHX8Hp0turWxI
"100 Bands (feat. Quavo, 21 Savage, YG & Meek Mill)",5duCElafuovM4ZSmkQL4hn
One Big Party,4YBYxI7AX3hu5GbVl0lsyB
Flames (feat. Ruel),0D1ZKHo1jI0gzOWZGhlyv3
Missing You,5VOJXcC4WgPrcwAFcHFLJl
Crave (with Swae Lee),0hupPGbuAghjVgBp3fMgV0
Dizzy,62j59W5pMDRFGxy4bq7S1i
Evil Spider,3NqoZnyv3qLAM0y3CjB8l2
Too Much,4wpQYSyuaEMCoIC5GCdZPR
Diva (with Swae Lee & Tove Lo),7sxA24QDCYRSEUQqEAsaKR
Blow It All,5gskbDVhMXZr89g0XDMaZe
Pups (feat. A$AP Rocky),0QzBRmLttMwyoqRoSmMIFN
Low Blow,5AMEyWxj1I1pK1exqOAIid
Retrograde,1G47ZCvS5SFrOR354Kcmp6
La Lá,4kitLAHbmBBXYHt9g22md3
Drunk on Saturday,6TDW9eo8iiVzsiFEnbLah8
Wink Emoji (with GASHI),7v13zqHVYvcQgMMLqA2Q0D
Burned By The Love,2Ptiywm7ltjOnouvUyXM9p
dead girl in the pool.,5MAjVARSIDzwz8jFG36hFu
cologne,4fg9f45CwQmbGbwsdH1q4h
Save Yourself,7BaZHpJA6pv2KxiAkh9igc
Cuaderno,7anSoGdgtmJTAPZBzcPhO6
Good To Me,1JpzpEes2HzdsBZsYRXBxI
White Wine,6lQPqjPgzaIRbY6wPDpGR4
WHAT'S GOOD,6bOkaEXc5CopinGazSLokx
Celebrate (feat. Travis Scott & Post Malone),0b6UoVjUzFyZNpHI0aAhKt
GRoCERIES,0yFvWTLs3iIwDbc91noXGT
Highway to Heaven,0tzcpUsYfyvGHH0IB7gLUj
Future (with Quavo),5EIh8I3PpZItdLg6R8KgIM
Don't Leave Me Lonely (feat. YEBBA),62s6W9MfRxhKBjQoLY8b6g
King Of Capulet,6jOhBsJFa93qJxQy7yjYAT
Simple Pleasures,0Ik7W3Ulb0rzg6frv0zdVp
On That Sht Again (feat. Ghostface Killah & RZA),5ccAoJvXbeORGndjBprquS
Hollywood Whore,6CYKQJ8czkw9UmYs3g1IRp
Pony,59K1LiDT4btNGyOekA1ghR
Don't Let Her,6UbUXwQn2CM5mb9vHgt1Gz
All Night Long (feat. Trey Songz),06dG1fMkVQv8QI11KVncjW
Which One (feat. Alicai Harley),3s4QNRx4OQwbcTY1BsnsrI
There Goes My Miracle,1pvgYWFziQfxrlsHlAY1sC
Naked Alone,2C1V8JFnm2OqZVkHhNu4qe
Bags,6X3FZtz4cKU2MKSQlGG9ZG
Parents,3zR5cAShCz1ugKIWXGTjI3
Querer Mejor,5Yp4UtIwEHfHXEowSan061
"Snow In The Stadium (feat. Erick The Architect, Joey Bada$$, Meechy Darko, Kirk Knight, CJ Fly & Issa Gold)",303vxJwRRaPGBriyN5EuDw
Like I Love You,3jgFcfKXx5Jn7eO7MsAi3L
Stardust,0G1X4OGcMtEAMII10izoB8
Heartache Medication,6ZvAXIWw3rw8WR0Xlmifri
Elevators,2yAQd3NnkcVLssHFPmMkvN
Spicy (with Diplo & Charli XCX),54z0kLF0skj0Hdb9wCqPJt
Aute Cuture,7dQFpbs34ufIEU745DVclf
Cheap Queen,2U5Q0eGC03syuUie76vROa
Can I,31XNHP9mHX5j2A51bKXSLs
Under Enemy Arms,1NF9EkR5OpMaoVWbsllcm9
Lately,2eozBltJ8YldbOryyWzSFc
Crime Pays,3YQ3gz0squO7NpTnQhCrst
Worryin' Bout Me,002r1ZwqA9IL2pWtJMOs9f
Redrum,19xuCobFr8orZ8BgPJYgd8
Lotta Dem,1kZXfGgTonj3XKLAjbpCve
Heroine,5NFvO2q4uSe74brg89xMkI
17,3iyxVqVFcGPYd96fkunrAk
Aleluya,23CsjGOYDQiJpX44BSn9TM
Don't Talk About Me,0cfqbF7GBQJMYg0S6GEqG4
Açaí Bowl,5M3KOe4FGUidvRDUbFFdFk
Chase The Summer,6fELKvD5BmGczpnEruNwQW
U (Man Like),0GzVxmfV2XcLHENCSlrYvU
Do You Love Her Now,13JjdKeIUy6P916p3MemXn
ALIVE IN MY COFFIN,3tX6xYHacPYgHBD0KH3vmA
Sister,2KlecS6I44n4qlXG9ywD6S
Letter To My Godfather - from The Black Godfather,3ok8ekCyqc7h232DWfotsf
Number One Fan,01fQmcA7x6PbSmXtdaAoJ4
Put You On,5hXQSZ2maO3nspGxxnWcZ1
Call Me,3Wevk6rPHoYfCCk6zNQgRX
Her Name Was Summer,1g2gd5b7QSOYHjzYz2xa7Y
Rebels,0PkpJxiI2aniXtpMyYZi2X
"The Ballad of the Lonesome Cowboy - From ""Toy Story 4""",64jpbhK4v3hcBgNnlxhjeL
Miracle,61Nt1c5g1unymVQzHLeJtT
K.R.I.T. HERE,68a1QFrzqGeprtli75KCM9
Too Far Gone,0s5ibKUNbISHnrBrx1o2nF
"SHIBUYA (GHOST II) (feat. Jaden, Vic Mensa & Belly)",4NYzuuSf3lqmXogSd1tnFP
27 Sorries,06WtiS7uvOeLXTN5J0IIRb
Birthday (feat. Monty),3VN7XvP708u6V9U0CxOlzi
Rescue Me,5dLP5JbgWGZttnUv4NFJeg
Backwards (feat. Meek Mill),7w5oKhvKnU8ghIdwVwTwAP
"Got Me (feat. Ari Lennox, Omen, Ty Dolla $ign & Dreezy)",2q8X0AA5YHDu0GelavXvUU
Mess,0r1hq8FghknI3bT6fOm0qf
RUNAWAY,6iRXOuVt9bOdGr3nohzddj
Favours,4HlCjfOxs5LQ9Nye4UMFGM
Camp America,0OxK30EPGA7PP8KfWHsDvD
Perfect,1JmEymqQwLXvCg3sJ7gz0n
Western Stars,58YZTutWhYcglUHl3Udnlj
HER Love (Feat. Daniel Caesar),4ZLVxybMljzL77dCA443Ob
Evil Eye,5nQp95e4ZTikXNr01yLOQW
Gemini (2 Sides),3k9ZjtTpDwZNu8YmGu0Dyx
Sharpest Edges,3YAKKLkaNHlPmziEmRjZBe
Giannis (feat. Anderson .Paak),2fHIIgFA9r7oPDpeFZ7eOK
Look Away,48IZ6I5KgIrKL8rATErZvB
All I Am (feat. Skip Marley),4LVq00E5HXZfIgHMtacSzO
Feel It (feat. Theophilus London),3jjLiYTXT40uXL7KllGzs9
Right Party,3wzjAOSXnRPMH2kN3vGLdo
Pieces of Us (feat. King Princess),0ac6wpfha90oah72SCNTPV
That's Life (feat. Mac Miller & Sia),5h0Jgt873QtgL6nJRBGfT6
Typical Story,3CTBO7cZM8tM3jIZmAWiFr
Make It Hot,0QopfywHKJZH8bnt8Cj9qr
Prescriptions (feat. GoldLink),4ekVDPtXLYW8Fjl2kmrEYm
Stacy,1pyGo7knT3LE2I1FJIrwdX
Imagination,2flxduIqEbsicdmPyj1WVW
Run Game,6vf3upIYL8E1kPwTMcOk0G
Eat Your Heart Out,2vh3fCzas7WUjEVkjBrGP4
Generational Divide,2LGzWTksEvSYehttpvrcTV
Tragic Love,4z4vFTF7YXFu18V1u6GmS0
Omertà,3kCwyvhvVTyehIzYN2I0nF
Expensive (feat. Noah Cyrus),4QnJgCPkDgqSyOdjlI83ys
Money Fiend,4FlcBk8HiYpDhm4MCtnyAL
Ballin' (feat. Roddy Ricch),3QzAOrNlsabgbMwlZt7TAY
Glitter,23TPP1eeElFfvYVznskwCY
The Subway Song,3MIMKvXfK4bqkJ2wteG5Jq
Ur So Beautiful,3Ko3WvKcr01gHE9oYx9iAE
Checkmate,4GjWnMNMN2EO76juYs9iWK
Red Hearse,1MboFNLuzrmG98WWcoam6B
Kitchen,6urUaCWU3HXdalm0oZU1Cd
Palmolive feat. Pusha T. & Killer Mike (feat. Pusha T & Killer Mike),0w9aWiDqZPCOCOtRTLkTPd
Flying On My Own,5oj8ZbTRvHfQJCjMdGG3Ym
Addiction (feat. Lil Wayne & Saweetie),1HZ2IfyCschP5qQlDUa4od
"Go Krazy, Go Stupid Freestyle",4Z7XtjSL1fyFnd6bTYhEIQ
Push It,0uyY5wnNq8hacCleLPNlu6
Same Room,48yUhAZGJb5WGSclZK1RAF
Without You Now (feat. AJ Mitchell),4LjF33zge6eszlGqqkcFJ8
17,0rFDIIprLl60EJGNiICPDq
Ooh La La,6RMMUeYPFoOSL7lMTnMURk
Glass House (feat. Naomi Wild),0YP8kt3sAYTj6eEyesreQH
Phone Numbers,3f9Mzvd3URfbbIJBX4pz9Z
Linked,0izbMfR7hvGHEoGBD5bBli
Milionària,2K3bjojp1sCLdMMoO5lJ2p
Summertime In Paris,5IWMH89twdzA3XZpjW4Gvq
Dance in the Dark,3i5jKbMOcBqgnKlx5UyH9d
Mamacita (feat. Farruko),7iwhbx1YQcQ675DTj6AmAb
1 Time,7FiDZcqS3m7uajfzOiUECy
Thinking About You,3mW10UiJOwiuZH0UcB1w5K
100 Shooters (feat. Meek Mill & Doe Boy),2j7mcsEz4n5XxMMqqjjB6p
Like a Rodeo,6RZmbKPtcieEcQJMcOEXZU
Faith,3mZHmZahGKJwP0GDtWaOq8
Melee,5hXqurVR1oeDhMjDDtxPNa
How This Feels,1nBjOZevvBx8G3A6taaUgF
Dream Dream Dream,1oUbYmF4SYYHorKY1wKo0K
DOLLAR,4ziiAuFyXiY1HNSLGM1xv8
Town Ain't Big Enough,5DrmJ25aHuPBImk1kLp5Of
Talk It Out,3I6CQSc5hMvU4nh2DcTDBz
Crimes,03zerAGQzn5PLfYMfr03q2
Hercules [Feat. Swizz Beatz],4SdIHqaNY1DDEHni4DeUeO
Life Long After Death (feat. badXchannels),5RydaE0XOKDKho9Uwm2YZZ
Hollywood,2hC7clJUwHaaEITYH3f9Oj
Kids,2S9r3he7RP6j6ptiQGVW6Y
MY POWER,7ia5l12mCvbQTeAnG1oYpg
Half Love,6CKkYFual8CkFy0MkWfFTF
HOT,0Dn5VLtkHjX8en1RKIuQY3
Sola,2sAXzDzH42hjqrVKkdP4hi
Queen Of The Night,2WDffjRjjtxHcHCHkLpB5p
Redesigning Women,2XhiUG5cGOkiFsdPLMKV4z
Language,4WwDLUQTKNz99RiZvQWP1W
That Was Yesterday,3gwfEBrFpzEFCZMjw7mqxA
Have It All (feat. Age.Sex.Location),17GRI6IQnzjMtpeANxdpch
Highway to Heaven - English Version,3WNuXdBxk8tQ2VI020dqvE
4 Sons of a King,6H0dvZoFJCMmai10qAwTpv
Hurt Me Now,0Gdvqb0cq9XB4lByklezBm
Lying (feat. Lil Tjay),6x8V3kUNlhVbwRbVP0QeSS
Thrill of It,7cUJtHy0YWAtLh5HtLSJMc
Leave Me Alone,3EtyEzMpfKSaoVhPunvbRV
Darkside,6GGpso9iwdxajUMNRlPAm5
Old Town Road (feat. RM of BTS) - Seoul Town Road Remix,6woeVu3fVMflqen1t4N6pg
Keeping Tabs (feat. Suscat0),1KypMTzxfo8NNIZ30lanZa
Ocean of Tears,4yqUwc3anK2zx40o5hMAJy
I'm ok,1Mw2dMBvJKONLrCx3P7Npg
Float (feat. JRM),1gxx87jpAXo94lDVswasa9
Super Bad,3iG2waZPMIgqajJsuCRILy
Wish You'd Make Me Cry,5SeRgzC0LGn44yT7kJ3y2W
Never Be Sorry,1sE1zYYMBsHd7iR6nPN16p
Facts,5PuRm1FlJEIBQDopNZvvl6
Jealous,5OfWbw2sIHfJnWP9kb3381
Rocket Fuel (feat. De La Soul),3ZTRTKx8uqpzqqWOA3JyNN
Flash Pose,5GsJcnO3rgpZFOrzL2EISO
Can't Stop Your Lovin',5P1eorfAD2voGnX7ZbuvFz
OCEAN AWAY,2H00GCxrZVEWhNlWjhBimi
I Like It,0lI3b1qP6bJUd8G5gwp5cC
Summer Girl,1GZH9Sv6zCIse2GKihRHKy
Do You Feel Me?,1cHI3DxIBY3HKUnCI5I71B
Club Paradise,6MR5IBSNfDmiwnrlQpVw4w
Black Bull,14PVSmvbws1BrJynbTCJB7
July,5a6pdCHlWS2ekOOQ70QnAr
Neon,4zMyDWWvnR4xrGcFioFaaY
Flex Up,4KA2BWwYcC8ujPvCT3BnWc
Let's Just Be Friends - From The Angry Birds Movie 2,3fpYeYvjrjLTLa1T6S1xOu
Pookie (feat. Lil Pump) - Remix,1Tk4KVBLxD8CMAy6vJoDF3
Drowning,1GPnYjrkZEI0ysGvch8I8e
Freak On Me (feat. Icona Pop),2cLdAX3vruDbZm4kIjiXQB
3 to Tango,3Bg3BUIbvOr17CS89Ga5G1
Polly Pocket,4NC08dzaMf0IgoQ8AjwGHe
Running the Streets (feat. A Boogie Wit Da Hoodie & Denzel Curry),3s9f1LQ6607eDj9UYCzmgk
Fear Inoculum,4XW5PGlQ3S4B8Bti7meocj
Hair Down (feat. Kendrick Lamar),6sq5mqtS3jwJjvBHALknJH
IF YOU PRAY RIGHT,5smpR8TVfiPxywEHr1NbJK
Mess with My Head,1rR0l6YBjzAHdgKO06zEek
Looking For America,31FBEeTXpaeCncCbCmS7ax
EMOTIONS,5Pm4wF8ZNhfQJaiFPZlypl
The Lay Down (feat. H.E.R. & WATT),4Fv2Yzpm9q7r6DJujUeUiP
Charlie,5Z69nqYhcktzSRDIBA9JvS
pouring,0TUaamDhcVNoQg7yoCYb47
Where Do You Go,3pil7DXQmpnQcImkoF4wz1
Til I Die,5rTcQ0Mw0YxGEMLVlwzOdm
Kemba Walker,38kLHBjtWJaPXcyFhwRVtI
Too Close (with Wrabel),2B5uUYyiDpFCgEGdbVpOZj
Waste My Time,1f6fIkTpKjUjwmExW2k2tW
Move On,7nGVsZvWnSvQJGkuxTnOrS
SICK,7xuiQL40BUoD8k1AhiKpWb
Kool Aid,71ptv206CeeXGutS1TaieZ
Friends & Foes (feat. Snoop Dogg),2C8me0xQykoMa6krseI8Wd
Sun Is Shining,2AbhqUAK0wukEWyb61jqNN
Mama,6BE3AlZoAVj6vmCxYANCtt
Tutu,1nocRtwyNPVtGcIJqfgdzZ
Mami,3bDD7GGvIzAZeHz2TOYD3A
NERVOUS,5oJIYVk9dKOP0GIEHI6fPR
"Yo x Ti, Tu x Mi",7BlBVFwvbWvcwNcUarQmjk
Heartless (feat. Morgan Wallen),0rFQ5cKYJ9WtHSKp9sxVYt
My Heart Is a Bar,6ft4FosmjR17x5vC8mLtqY
Bluebird,6M3BioqekwOI5erB7vOicl
Chariot (feat. Meek Mill & Lil Durk),51GuyWN8V3sKQ2GD55VMCx
Heavy Shit,4BUT3VdNVghGtkktn6oAuY
Need U,48GmVZwvkoVC5StfMLfNJE
What Am I Gonna Do With You,1ds9cjjx2WnHiHPVfArP9R
The World Is Mine,4xmq2DFdbkwVqimOKQGZU7
One of Us,7CMxksycvvl7dg12SJXVaO
Rock Witchu,3nr9FDAi3Vr86Tm5Jq5Ffs
Raw Power,3vfYZXwb9BfjcXefiignTX
I Warned Myself,3707IBa4HnS3zDDoWfeUBl
NO HALO,4fGCNoJqk6Khe6YTRxwMC6
I Don’t Think I Can Do This Again (with Clairo),3udJxehBCZ27wRO9gSum4B
Teeth,1JRK7srBWUtAW7dPabKBwJ
Tampa Bay Bustdown,6BxhoZwrdOj8pj0RDeHF1m
Torn,2GdxQw8NwoeH8tKySg6nym
Miss U,764YDnFgsAFrqJgDwiY84V
#PROUDCATOWNERREMIX,5dkZ2DrcPJrqwlRQe6Q35e
What Am I,1HimGOB6BjOaCQYMIF1xtU
Stop Playin',7GYoEbez6qFszDiEmiuBEb
What's My Age Again? / A Milli,29SvTTSIa1hdulOzztjBDw
Indeciso,59s0s39NFWScuHDbHytI14
Highway,4rhdtzBmrrDxYi35yQDpzF
I'll Be There,4jgCDh6JCkw2kEYuIyNxzI
Try,2Q3uUxPpTKY4MjY5SRFSHK
Die Young,4YNGKFYnZJYMpWajAeEmGy
HIT ME up,1ajFGbYanaAd90DsmoOIEo
"Young - From ""Songland""",7nzxQacflIozCTLTiBl4JB
Out My Mind,6FB5eizWGtG9hXpWBJwPit
Never Lie (feat. Moneybagg Yo),0CLhMOVhX6TaPpugYkEsge
Bite My Tongue,2WDP5OBRczq1SYbi3SIjLz
Never Count On Me,18Ex4J57MhJ7ou358jFXFx
You and I,1oQW9ELulouzVKoeqXmkJv
Summertime Love,12gG0QAqYFNZNVi5YAruLB
Te Quemaste,4fj7e6Tc48Bmomwyz2Z2XC
Salvou meu dia (Participação especial de Gusttavo Lima),7CBImG41isOs2r7lQU7CCy
Favela,2JVbZEpewmqNlSzmXJTx2E
Medellín (with Maluma),3tTV4DYlhkiXRNiiXwIAPf
Shallow,2VxeLyX666F8uXCJ0dZF8B
R.I.P. (feat. Rita Ora & Anitta),6JqpFboOH2bq9pzaYbkKBn
"Taki Taki (with Selena Gomez, Ozuna & Cardi B)",4w8niZpiMy6qz1mntFA5uM
Woman Like Me (feat. Nicki Minaj),6rrTr2HEAzlpC4KWZxF3S1
Say My Name,0YammaEkYSeo9vQYZ1OwS6
Without Me,5p7ujcrUXASCNwRaWNHR1C
Sunflower - Spider-Man: Into the Spider-Verse,3KkXRkHbMCARz0aVfEt68P
moneydontfixlonely,35osKSAsV8WsOb80tb3Eex
Kiss and Make Up,7jr3iPu4O4bTCVwLMbdU2i
Never Go Back,2QrXzOqLCVDRZHkToA0tSR
Faz Gostoso (feat. Anitta),2SC14LGDbRWRlyLg9Wupa0
Truth Hurts,5qmq61DAAOUaW8AUo8xKhh
Don't Check On Me (feat. Justin Bieber & Ink),7ILEWkpfdK6AjH2D7jppWk
Calma - Remix,5iwz1NiezX7WWjnCgY5TH4
Fuck it I love you,28aEiMfveru430xmXhDCy3
FEFE (feat. Nicki Minaj & Murda Beatz),2E124GmJRnBJuXbTb4cPUB
079ME,5f14ylFBAuwqVHXvafqtmd
Funky Friday,01IQ4aQgOf0Kkq3a273hmO
Armed And Dangerous,6SAKXCj5jyF6IgPCPbZ5ra
Nice For What,3CA9pLiwRIGtUBiMjbZmRw
Better Now,7dt6x5M1jzdTEt8oCbisTK
No Limit,2Xqd0wUttjueBfdcltADOv
Hard Work Pays Off,6gzIcEUuswJQGfJNPYMjjv
Advice,1fp2uoWXPca3mIdxRHIgQm
SWISH,55GiOwtxNajXVbpjjIzMnD
whoa (mind in awe),7pdF27mSDuPWhppnHAmWHa
SAD!,3ee8Jmje8o58CHK66QrVC2
In My Feelings,2G7V7zsVDxg1yRsu7Ew9RJ
Walk It Talk It,6n4U3TlzUGhdSFbUUhTvLP
Unforgettable,1F2HXIJrE2Xn81OzT2zZvW
Boasty (feat. Idris Elba),7cz506PyIgh2bMN90Mc8Tn
That's A Rack,4pCEIQ6wBVuaJdER5bALtO
Feeling,2Jh3UqxnHJMyzMzku4uOtE
Racks In The Middle (feat. Roddy Ricch and Hit-Boy),6ya8ejoKgw906Y8LWclqrp
Red Room,2MJdgSby3DtSS7bUJx2cly
Envy Me,05t7JMip6JrLuSrMV5yYjX
Legacy (feat. Travis Scott & 21 Savage),7pMRoGLEJuFM2wl5pt0R99
Stop Snitchin,3hhs1XHsWvbH0mP9D1BT2Z
Put a Date On It (feat. Lil Baby),6PRh0ilIMEP1xlUHqalnkD
Numb Numb Juice,4dTiQezDWmEOWcdCbWVWMp
Higher (feat. Nipsey Hussle & John Legend),5FYvEl2ThSP9THRBuB1qRB
Please Tell Me,4ANFPo7dzs2DdPuONXC9bp
ICE (feat. Gunna & Lil Baby),6KCt9V6Lev0M04rFUj8ANC
"Under The Sun (feat. J. Cole, Lute & DaBaby)",6MF4tRr5lU8qok8IKaFOBE
"Costa Rica (with Bas & JID feat. Guapdad 4000, Reese LAFLARE, Jace, Mez, Smokepurpp, Buddy & Ski Mask The Slump God)",5WnfnSpuNEGXyEt78PBA6d
Snake Skin,48BycLu4MtbVvCumpvMMbP
They Afraid Of You,5CMUThHlepHR8c1xD0QYzs
Baby Birkin,0BOmhToQ03yOdpzYKMEnAg
Sextasy,5jlLBqK31dOqXECKn3jlMX
Such A Simple Thing,1fYouLdK3PkOMPnx4CPxTY
I Guess I Just Feel Like,1HNywa8Bk0TmzRwQrzhtPo
Recording 15,1vNfYCzcCJz0FY7MVVA9lM
Power Over Me - Acoustic,47rNYq9IUveetu35c65xTw
River,0NeJjNlprGfZpeX2LQuN6c
Does Anybody Know,6E7MY8plyVrd0RWUDl63Kn
Lo/Hi,6XRgC4KAp4upKu0v7H4tQo
Die Happy,3sZSnOUL2kskr3gpyXCEWk
Ready To Let Go,2QoDAlMnML5haTXvYRS86X
medicine,03CbQgFxnBFoaaVJTfEqMD
Breaking Down,5bQwqWRODr2OeekQFmQUkr
SLO,5SEisU96ZNSUjCtYvV7EeD
Social Cues,1KuVdyg8d6NlRhbpHxg5UF
Black Sun,63UtBlg0KZZYueVi6r8DQp
Shape of You,7qiZfU4dY1lWllzX7mPBI3
Preach,2AaF78iCWISMWYog5RnSi5
She Will Be Loved - Radio Mix,4llK75pXNWZz6KAho2Gp16
You Say,6Up545NUflOiXo8cEraH49
Let Her Go,7DFNE7NO0raLIUbgzY2rzm
All of Me,3U4isOIWM3VvDubwSI3y7a
Breakeven,38xWaVFKaxZlMFvzNff2aW
Perfect,0tgVpDi06FyKpA1z0VMD4v
Push,2KVwlelhxKUy8LVV6JypH3
Suddenly I See,5p9XWUdvbUzmPCukOmwoU3
Irreplaceable,1G7DcLzPnopdZjLkev0K4e
Not Over You,6j7hih15xG2cdYwIJnQXsq
Dancing On My Own,2BOqDYLOJBiMOXShCV1neZ
Always Be My Baby,2aBxt229cbLDOvtL7Xbb9x
Meet Virginia,4ocbH5ZJqajZIpUrqRUoue
Complicated,5xEM5hIgJ1jjgcEBfpkt2F
No One - Acoustic,2VFf8YhTnmhWF108o9UEr7
TiK ToK,5OMwQFBcte0aWFJFqrr5oj
That's What I Like,0KKkJNfGyhkQ5aFogxQAPU
Ain't It Fun,1j8z4TTjJ1YOdoFEDwJTQa
"My Heart Will Go On - Love Theme from ""Titanic""",4Dw02sVUfUA67l3fZ9FoKs
Stand by Me,3SdTKo2uVsxFblQjpScoHy
New Rules,2ekn2ttSfGqwhhate0LSR0
Body Like A Back Road,7mldq42yDuxiUNn08nvzHO
Uptown Girl,3CSpzkoL1XgDBZ1q9aDCUV
Before He Cheats,0ZUo4YjG4saFnEJhdWp9Bt
See You Again (feat. Charlie Puth),2JzZzZUQj3Qff7wapcbKjc
...Baby One More Time,3MjUtNVVq3C8Fn0MP3zhXa
Thinking out Loud,1Slwb6dOYkBlWal1PGtnNg
Bye Bye Bye,62bOmKYxYg7dhrC6gH9vFn
We Are Family,5IKLwqBQG6KU6MP2zP80Nu
Genie in a Bottle,11mwFrKvLXCbcVGNxffGyP
Nothing's Gonna Stop Us Now,2vEQ9zBiwbAVXzS2SOxodY
Come On Eileen,0EMmVUYs9ZZRHtlADB88uz
Summer Of '69,6cnd6UwOyvEPWUjuuDKMIP
If I Could Turn Back Time,6mYrhCAGWzTdF8QnKuchXM
Torn,0KDaN0HL3TcJVTbXlQCEsS
Walking on Broken Glass,4CcSw8wQAHYf4XNckayPoc
Wherever You Will Go,37qI0mchgzUSeUhPiwUWPY
Love Shack - Edit,64B4UbGRLtGRBtiN2m8OvF
I'm So Excited,1ot6jEe4w4hYnsOPjd3xKQ
"No More ""I Love You's""",2Pn5gvVioma5LHPxgEBBmD
Who Do You Love,7ql71hBakyMi0Lxiq3Mugs
bury a friend,4SSnFejRGlZikf02HLewEF
Insomnia,7hzlzoOwCZ4D3Ow5YZK4kj
Painkiller,1abFkY2jm6KDFMZ7RD9YJh
Phases,3je88Q4OvTqIx7BFRFYvRA
"Facts (feat. YG, Rich The Kid & BIA)",2k5W7eyzobMFd1a1Xisf3w
Summer Lover (feat. Devin & Nile Rodgers),0JIcWmxwEpv740agHLbVB5
Old Town Road - Remix,2YpeDb67231RjR0MgVLzsG
Easier – Remix (with Charlie Puth),5iTaLzgPI5jRMVAxITcZwT
Conversation,4THgqBGsTYJcNcQWCV92AP
Girl - Acoustic,21xRlfE6OjTAFQ4wd9u8IU
If Your Mind Should Change,0bP1nctjkkCceBFKfcrlkY
Storm,4dJby4wfiJZzzdve0mcsLJ
"Don't Give Up On Me - (From ""Five Feet Apart"")",4Y0TtDriFlN3XZoQx6PYsu
all the good girls go to hell,6IRdLKIyS4p7XNiP8r6rsx
The Git Up,5dW1VZPcFqB4n0P08rGDgm
comethru,18uwL0vNUanqZH0ro2QcOP
Loco Contigo (feat. J. Balvin & Tyga),6osaMSJh9NguagEDQcZaKx
All The Lies,6PqUdUGS4h5aGY7YyEGXr8
Só Pra Castigar,2X8sssaxS5GReg6945B6RW
Best Part (feat. Daniel Caesar),4OBZT9EnhYIV17t4pGw7ig
Undecided,7uiBocndm12aKbsdnQ3Scx
Wrong,3EludUFeAoJAwSixWGG5Wg
This Life,4dRqYKhLVujxiBXcq50YzG
Patience,2drEUEg0TYQR6dDEHkpuPE
Old Bone,5byJBGDhkVXs81MS3b3Ncq
Curls,3NLm801woJocONz1NmPJZR
Casio,33wUd3GgaRf2rux2aJ71yb
Borderline,3O8X1DE9btbzy4UH9cSX9a
Lava,5BoDFGTXZ8j5muc6Sb2jMz
Superposition,67YPjbcxUypwNOwYBZquq1
Saw Lightning,0JeNWvckrkYpR8cY5A4Phs
Hey You,0soAgAXmRgBe1tpPZoq1lS
Ode To Artifice,2BxOokKVzYicxc7AX9Vb21
Linked,3rCtueI7qBN2kZBZnXuk5K
Roddy,1hCOjy8lilEMrFGR0F9mgJ
Mañana Es Too Late,3AnFYXJMTNJtQUwsJWmTK4
Destino,3tOmzBrWaHg97FKgsqhhEd
Un Traguito,5OSrMt5y9dExB2J5vMdTVk
Girls Like You (feat. Cardi B),6FRLCMO5TUHTexlWo8ym1W
Soltera,4T4CZ3Q4z3GG7lU720YYhM
Cama Vacia,6sR4WtcYJOCXzDsDfY9PwV
Dile la Verdad,6qP73DRFGojLuIk1siIhNE
Pretend,78Nyf6RlqBANlMhSnKyClT
Contando Lunares (feat. Cruz Cafuné),6Cs7b9bu3fy5XhMwBA9Tz4
Swing (Bonus Track),5zUGr7GcNo7UNjvkNYkjiH
No Te Enamores,0EJu1RBtxzldMG2peczuPv
Te Olvidaré,6DrUHF3EWygcmQ0DIF8KP4
Oh Daddy,2jOhhdNkBc94SfAcrg5Z28
La Libertad,3DsLBZjoU5AYxZXsepHtsW
Cariño Mío,6ORMS8Ep717H3vzQFahFiy
Lola Bunny,7IzbHY75UhGztauT7U5eKb
Can We Pretend (feat. Cash Cash),68t9p1qXaslaaxk4xhTd4m
Side Effects (feat. Emily Warren),5yNEdBlZMxpcVtGKz5NFk5
Walk Me Home,2N9bw4i7YitdN2LDDhMmpe
All Falls Down (feat. Juliander),5yFSF6qQA1rcLsQRnBsZgb
Say Something,1LhMopPAallLeaeNutqbgS
Waste It On Me (feat. BTS),2r1T6xGTVaNAqBoPH4lZEE
Born To Be Yours,0kHyKhJMukHEPfeh8s7rdM
Mama (feat. Ellie Goulding),3WDIhWoRWVcaHdRwMEHkkS
365,2XWjPtKdi5sucFYtVav07d
Sucker,22vgEDb5hykfaTwLuskFGD
Unforgettable,3B54sVLJ402zGa6Xm4YGNe
One Dance,1xznGGDReH1oQq0xzbwXa3
Light It Up (feat. Nyla & Fuse ODG) - Remix,0L7loeTIg6akW84aEQZpCT
So Long (feat. Cam),30EjmPhNzAdbx0cLAZnCa2
Sleep - Banx & Ranx Remix,7bSpTALqwqtiSyS4gYX9PF
Natural,4zIO3ilp5HvTeK3HJHxhMP
Body (feat. Brando),7K7MUBCnzgBAvMVW2RTWNs
La Cartera,1g2Z2lOrwayOzDqOc8EfbR
Amanece,1LiN0Z98FkR1t0m8KmLcAH
Cristina,1Kjer1JoWuJGNwGV6Pbgv1
Adictiva,6MJUCumnQsQEKbCy28tbCP
Ella Quiere Beber - Remix,2cYnZNzFRFK0H7vSNxPsUq
Presiento,7nHUD2xhqkehsYk3PT6QDs
La Plata (feat. Lalo Ebratt),7Eso5mURNFprb5PmhOXDlf
La Playa,0jeS8PyyIRAG0A3t5DtL71
Amor Genuino,6pK5edDoyrn4mWwRSVc2a5
Solo Pienso En Ti (feat. De La Ghetto & Justin Quiles),3H9GDhVVTlmFQSmpt51qiP
Ocean,6qoIFQfdmaQF9A1gb67tR7
Tú No Amas,5J64qSSq0VZuh0CiI9o9Nq
Lo siento (feat. Sofía Reyes),5dITA6jTX7f1gHwEAyS3YZ
Delincuente,3TqLIW3qd4qFYkfYsBjVN6
Velitas,7q3NthaBqFI6s0WnAlnIvq
Nada Ha Cambiado,0uv14vi55Evco7lDLDj87P
Forever Alone,5NPzbTzFxIQPaheZuPhn4f
22,07L6tEZIfCX3GZAWCpGj0e
Cuando Te Besé,2XXMDz7SPZ4mSFN1PXfHUy
Amigos Con Derechos,2zDj4WjbNDmrRL6Z4YjjCA
NI BIEN NI MAL,278kSqsZIiYp8p3QjYAqa8
Baila Baila Baila,7uH27oIt4a6cIFCA8ZPcyG
Créeme,1mT47pKLXUwPYGwB91GcNz
Solo de Mi,5YOkA7qd2983FtBQnP8sYx
Solo Pienso En Ti (feat. De La Ghetto & Justin Quiles),53rkN7z3bKorDSIxDvqXNt
Old Town Road,53CJANUxooaqGOtdsBTh7O
No Me Conoce - Remix,4R8BJggjosTswLxtkw8V7P
Quien Empezó,19S1u14a1mNsryjT7Nb7ri
Nothing On You (feat. Paulo Londra & Dave),2qRN7PWiHRLprw4FpDeI9N
Swing,4DbhxwlkhTbCTqlZptxmI6
Ganas Sobran,17iXKeQe2iVYXJcMpQqthG
Ellos,1tDUwlIyFFcmfMypYoQ4Ns
Pa' Llamar Tu Atención (feat. MC Bin Laden),2vEY3cNwXYxIG4fPAoN14q
Me llama,7piXNyrajEfqhOkzgDq2Ts
Maldición,7vvbpDDRvhwGflyPTJYBEU
A Solas - Remix,3T5QSIgoaPIh07SwixRDp7
Luz Apaga,5Q3e16qE1RE5oilN3ukasm
Ta To Gucci (Remix),7kuRvjpeUcn6qNV9IBXC2C
Nada Sale Mal,0tEHuz6x5TDyB3rK6swBsZ
Hola Señorita,71MEWIf4Itr8Pd9OW5Mq7q
Soldi (feat. Maikel Delacalle),1GVBnZF3tHJiWzdCSgg75Z
Mejor No Nos Vemos,4jRSV2R1mO5pQ5upXATMi2
Me Quedo,6Nqi1fWKYXrVXmF3RtQbSf
nana triste,7zH4rnKKGm5vACoSEXBEDe
Mi Morena,6MF2uU7HoQkA1Da2jscqV2
Cambio,3cg9A9GVyZAT2CPevqWr65
MOJAITA,71pEiUWwfDFiRO6RmFpnBf
Santa María (Feat. Busy Signal),4R0sTxCaskwCPbzkfXHfWg
Bésame,2qON8SpeBDBSoWCvDKuwbU
Cicatrices (feat. Indara),17nYNma8AncLFqOBk6tu6m
Hookah,4piZ5m1vZGDkfyHga5U97m
"Autoestima (Feat. Lola Indigo, Alizzz) - Remix",7cmRd1iwDaANckyPHSOv5V
Soldadito de Hierro,3DfUO7e24abpbIreUpUK4B
Indios y Vaqueros,3u5GmyJP2MU3tEJgyiAG2T
Contando Lunares (feat. Cruz Cafuné),6uW0PIRcyZLvkoonm763xD
